StartDate,EndDate,Status,Progress,Duration (in seconds),Finished,RecordedDate,ResponseId,DistributionChannel,Q_DuplicateRespondent,Q1_Role,Q1_Role_11_TEXT,Q2_DecisionAuth,Q3_Industry,Q3_Industry_26_TEXT,Q4_OrgSize,Q5_ProfitModel,Q6_RevenueBudget,Q7_PersonalBudget,Q8_GeoScope,Q9_GeoScale,Q10-28_Barriers_1,Q10-28_Barriers_2,Q10-28_Barriers_3,Q10-28_Barriers_4,Q10-28_Barriers_5,Q10-28_Barriers_6,Q10-28_Barriers_7,Q10-28_Barriers_8,Q10-28_Barriers_9,Q10-28_Barriers_10,Q10-28_Barriers_11,Q10-28_Barriers_12,Q10-28_Barriers_13,Q10-28_Barriers_14,Q10-28_Barriers_15,Q10-28_Barriers_16,Q10-28_Barriers_17,Q10-28_Barriers_18,Q10-28_Barriers_19,Q29-46_Top3Barriers_1,Q29-46_Top3Barriers_2,Q29-46_Top3Barriers_3,Q29-46_Top3Barriers_4,Q29-46_Top3Barriers_5,Q29-46_Top3Barriers_6,Q29-46_Top3Barriers_7,Q29-46_Top3Barriers_8,Q29-46_Top3Barriers_9,Q29-46_Top3Barriers_10,Q29-46_Top3Barriers_11,Q29-46_Top3Barriers_12,Q29-46_Top3Barriers_13,Q29-46_Top3Barriers_14,Q29-46_Top3Barriers_15,Q29-46_Top3Barriers_16,Q29-46_Top3Barriers_17,Q29-46_Top3Barriers_18,Q47-64_Readiness_1,Q47-64_Readiness_2,Q47-64_Readiness_3,Q47-64_Readiness_4,Q47-64_Readiness_5,Q47-64_Readiness_6,Q47-64_Readiness_7,Q47-64_Readiness_8,Q47-64_Readiness_9,Q47-64_Readiness_10,Q47-64_Readiness_11,Q47-64_Readiness_12,Q47-64_Readiness_13,Q47-64_Readiness_14,Q47-64_Readiness_15,Q47-64_Readiness_16,Q47-64_Readiness_17,Q47-64_Readiness_18,Q65-73_Maturity_1,Q65-73_Maturity_2,Q65-73_Maturity_3,Q65-73_Maturity_4,Q65-73_Maturity_5,Q65-73_Maturity_6,Q65-73_Maturity_7,Q65-73_Maturity_8,Q65-73_Maturity_9,Q74_Feedback,Q_RecaptchaStatus,Q_RecaptchaError,Q_DuplicateRespondentStatus,STUDY_ID,SESSION_ID,SOURCE,COMPLETE_URL,Q50_Feedback - Parent Topics,Q50_Feedback - Topics,Q_AmbiguousTextPresent,Q_AmbiguousTextQuestions,Q_StraightliningPercentage,Q_StraightliningQuestions,Q_UnansweredPercentage,Q_UnansweredQuestions,Q50_Feedback - Topic Hierarchy Level 1
2026-03-24,2026-03-24,IP Address,100,1094,True,2026-03-24,6850d303955f2f40da2213cdc60c297e,anonymous,,"COO (e.g., Deputy Director, Chief of Staff, Assistant Secretary for Administration)",,I am one of several key decision-makers who collectively decide on technology adoption,Information,,1000-4999,For-Profit,$100M-$499M,$10M-$49M,United States,National,Minor Barrier,Minor Barrier,Not a Barrier,Moderate Barrier,Moderate Barrier,Moderate Barrier,Moderate Barrier,Moderate Barrier,Not a Barrier,Not a Barrier,Minor Barrier,Minor Barrier,Significant Barrier,Major Barrier,Not a Barrier,Minor Barrier,Minor Barrier,Not a Barrier,Major Barrier,,,,,Inadequate training programs for new technologies.,,,"Inadequate IT infrastructure (e.g., network, storage, computing power) to support new technologies.",,,,,Concerns about cybersecurity risks associated with new technologies.,,,,,,Moderate Readiness/Capability,High Readiness/Capability,Low Readiness/Capability,Very High Readiness/Capability,Very High Readiness/Capability,Moderate Readiness/Capability,Low Readiness/Capability,Moderate Readiness/Capability,Low Readiness/Capability,Low Readiness/Capability,Low Readiness/Capability,High Readiness/Capability,Moderate Readiness/Capability,High Readiness/Capability,Don't Know,Moderate Readiness/Capability,Moderate Readiness/Capability,Low Readiness/Capability,Level 5: Optimizing/Innovating,Level 3: Defined/Standardized,Level 2: Developing/Repeatable,Level 3: Defined/Standardized,Level 1: Initial/Ad Hoc,Level 2: Developing/Repeatable,Level 2: Developing/Repeatable,Level 4: Managed/Quantitatively Managed,Level 2: Developing/Repeatable,None.,complete,,,69c17630acada6abeead2da5,69c1e14b877b2db41511564f,prolific,https://app.prolific.com/submissions/complete?cc=CQ9PVTWX,,Unknown,0,,0,,0,,
2026-03-23,2026-03-23,IP Address,100,424,True,2026-03-23,c9124ed7561f3d2dd493b1eaef914a2b,anonymous,,"CIO (e.g., Director of IT)",,I am the primary decision-maker for technology adoption in my area of responsibility,Manufacturing,,100-499,For-Profit,$100M-$499M,$100M-$499M,United States,Regional,Minor Barrier,Not a Barrier,Minor Barrier,Major Barrier,Moderate Barrier,Minor Barrier,Major Barrier,Significant Barrier,Moderate Barrier,Minor Barrier,Moderate Barrier,Major Barrier,Major Barrier,Significant Barrier,Minor Barrier,Significant Barrier,Significant Barrier,Major Barrier,Major Barrier,,,,,,,,,,,,New technologies disrupting existing workflows or processes significantly.,Concerns about cybersecurity risks associated with new technologies.,Concerns about data privacy compliance related to new technologies.,,,,,Moderate Readiness/Capability,High Readiness/Capability,Moderate Readiness/Capability,Moderate Readiness/Capability,Moderate Readiness/Capability,High Readiness/Capability,Very High Readiness/Capability,High Readiness/Capability,Low Readiness/Capability,Very High Readiness/Capability,Moderate Readiness/Capability,Low Readiness/Capability,Very High Readiness/Capability,Low Readiness/Capability,Moderate Readiness/Capability,Moderate Readiness/Capability,High Readiness/Capability,Low Readiness/Capability,Level 5: Optimizing/Innovating,Level 5: Optimizing/Innovating,Level 4: Managed/Quantitatively Managed,Level 4: Managed/Quantitatively Managed,Level 4: Managed/Quantitatively Managed,Level 3: Defined/Standardized,Level 4: Managed/Quantitatively Managed,Level 4: Managed/Quantitatively Managed,Level 2: Developing/Repeatable,None,complete,,,69c17630acada6abeead2da5,69c180b34ec725a81caf1d75,prolific,https://app.prolific.com/submissions/complete?cc=CQ9PVTWX,,Unknown,0,,0,,0,,
2026-03-23,2026-03-23,IP Address,100,475,True,2026-03-23,1e9a8999111859d78c1f7c784911cadf,anonymous,,Other (please specify),Sales Director,I have limited involvement — I primarily implement technology decisions made by leadership,Retail Trade,,5000-9999,For-Profit,$1B+,<$10M,United States,National,Minor Barrier,Not a Barrier,Not a Barrier,Not a Barrier,Not a Barrier,Not a Barrier,Moderate Barrier,Not a Barrier,Not a Barrier,Not a Barrier,Not a Barrier,Not a Barrier,Not a Barrier,Not a Barrier,Not a Barrier,Not a Barrier,Not a Barrier,Not a Barrier,Major Barrier,Resistance to change among employees or middle management.,,,,,High cost associated with acquiring or implementing new technologies.,Difficulty integrating new technologies with existing legacy systems.,,,,,,,,,,,,High Readiness/Capability,High Readiness/Capability,High Readiness/Capability,Moderate Readiness/Capability,High Readiness/Capability,High Readiness/Capability,High Readiness/Capability,High Readiness/Capability,High Readiness/Capability,Moderate Readiness/Capability,High Readiness/Capability,High Readiness/Capability,High Readiness/Capability,Very High Readiness/Capability,Don't Know,High Readiness/Capability,Moderate Readiness/Capability,Low Readiness/Capability,Level 4: Managed/Quantitatively Managed,Level 5: Optimizing/Innovating,Level 5: Optimizing/Innovating,Level 5: Optimizing/Innovating,Level 4: Managed/Quantitatively Managed,Level 5: Optimizing/Innovating,Level 4: Managed/Quantitatively Managed,Level 4: Managed/Quantitatively Managed,Level 2: Developing/Repeatable,"No, study was thorough in its questioning concerning adoption readiness.  ",complete,,,69c17630acada6abeead2da5,69c1819ddfcbd47610700126,prolific,https://app.prolific.com/submissions/complete?cc=CQ9PVTWX,,Unknown,0,,0,,0,,
2026-03-23,2026-03-23,IP Address,100,592,True,2026-03-23,4a51abb91b3423a1a54a0bbc195f2228,anonymous,,"CMO (e.g., Director of Communications, Public Affairs Officer, Chief Marketing & Communications Officer)",,I am one of several key decision-makers who collectively decide on technology adoption,State Government,,1000-4999,Non-Profit,$50M-$99M,<$10M,United States,Local,Moderate Barrier,Not a Barrier,Not a Barrier,Not a Barrier,Significant Barrier,Minor Barrier,Minor Barrier,Minor Barrier,Minor Barrier,Significant Barrier,Major Barrier,Major Barrier,Major Barrier,Major Barrier,Not a Barrier,Major Barrier,Not a Barrier,Not a Barrier,Major Barrier,,"Lack of support or clear vision from top leadership (including the board, e.g., governing body, oversight committee).",,,,,,"Inadequate IT infrastructure (e.g., network, storage, computing power) to support new technologies.",,Lack of a clear strategy or roadmap for technology adoption.,,,,,,,,,Very Low Readiness/Capability,Very Low Readiness/Capability,Moderate Readiness/Capability,High Readiness/Capability,High Readiness/Capability,High Readiness/Capability,High Readiness/Capability,Very High Readiness/Capability,High Readiness/Capability,High Readiness/Capability,Moderate Readiness/Capability,High Readiness/Capability,High Readiness/Capability,Very High Readiness/Capability,Moderate Readiness/Capability,High Readiness/Capability,High Readiness/Capability,Low Readiness/Capability,Level 3: Defined/Standardized,Level 3: Defined/Standardized,Level 3: Defined/Standardized,Level 3: Defined/Standardized,Level 3: Defined/Standardized,Level 3: Defined/Standardized,Level 3: Defined/Standardized,Level 3: Defined/Standardized,Level 2: Developing/Repeatable,no. this is comprehensive.,complete,,,69c17630acada6abeead2da5,69c1813286a891dac146fba2,prolific,https://app.prolific.com/submissions/complete?cc=CQ9PVTWX,,Unknown,0,,0,,0,,
2026-03-23,2026-03-23,IP Address,100,645,True,2026-03-23,467723bd22865bff4b63e0ba7e42be4e,anonymous,,"CEO (e.g., Agency Director, Secretary, Administrator, City/County Manager)",,I am the primary decision-maker for technology adoption in my area of responsibility,Construction,,100-499,For-Profit,$10M-$49M,$10M-$49M,United States,Regional,Major Barrier,Significant Barrier,Moderate Barrier,Significant Barrier,Moderate Barrier,Significant Barrier,Major Barrier,Minor Barrier,Moderate Barrier,Moderate Barrier,Moderate Barrier,Significant Barrier,Moderate Barrier,Minor Barrier,Moderate Barrier,Moderate Barrier,Moderate Barrier,Moderate Barrier,Major Barrier,Resistance to change among employees or middle management.,,,,,High cost associated with acquiring or implementing new technologies.,Difficulty integrating new technologies with existing legacy systems.,,,,,,,,,,,,High Readiness/Capability,High Readiness/Capability,Moderate Readiness/Capability,Moderate Readiness/Capability,Moderate Readiness/Capability,Moderate Readiness/Capability,Low Readiness/Capability,Low Readiness/Capability,High Readiness/Capability,Moderate Readiness/Capability,High Readiness/Capability,Low Readiness/Capability,Moderate Readiness/Capability,Low Readiness/Capability,High Readiness/Capability,Moderate Readiness/Capability,Moderate Readiness/Capability,Low Readiness/Capability,Level 3: Defined/Standardized,Level 3: Defined/Standardized,Level 3: Defined/Standardized,Level 2: Developing/Repeatable,Level 4: Managed/Quantitatively Managed,Level 3: Defined/Standardized,Level 3: Defined/Standardized,Level 3: Defined/Standardized,Level 2: Developing/Repeatable,"I think one of the most significant barriers not fully captures if the generational tech gap within the skilled trades. In a midsized construction firm, our most experienced field leaders- who I desperately need for quality and safety- are the most resistant to digital tools. The physical environment of a construction site (think extreme weather, dust, and the need for high durability tools and hardware) remains a very practical hurdle for many technologies that are designed for controlled office environments. Adoption isn't just a matter of will in construction, it becomes a matter of whether the tech can survive a February morning on a freezing, wet jobsite in Ohio. ",complete,,,69c17630acada6abeead2da5,69c18164d6ea992cf75e8ca0,prolific,https://app.prolific.com/submissions/complete?cc=CQ9PVTWX,,Unknown,0,,0,,0,,
2026-03-23,2026-03-23,IP Address,100,903,True,2026-03-23,5cea5e07aa79ff51127fd582b922277c,anonymous,,"CIO (e.g., Director of IT)",,I am the primary decision-maker for technology adoption in my area of responsibility,Finance and Insurance,,1000-4999,For-Profit,$500M-$999M,<$10M,United States,National,Minor Barrier,Minor Barrier,Minor Barrier,Minor Barrier,Minor Barrier,Minor Barrier,Moderate Barrier,Moderate Barrier,Minor Barrier,Minor Barrier,Not a Barrier,Significant Barrier,Significant Barrier,Moderate Barrier,Moderate Barrier,Moderate Barrier,Moderate Barrier,Minor Barrier,Major Barrier,,,,,,,,,,,,New technologies disrupting existing workflows or processes significantly.,,,Lack of trust in the reliability or performance of new technologies or vendors.,Uncertainty or complexity related to regulatory requirements.,,,High Readiness/Capability,High Readiness/Capability,High Readiness/Capability,High Readiness/Capability,High Readiness/Capability,High Readiness/Capability,Moderate Readiness/Capability,High Readiness/Capability,High Readiness/Capability,Moderate Readiness/Capability,Moderate Readiness/Capability,High Readiness/Capability,Moderate Readiness/Capability,High Readiness/Capability,Moderate Readiness/Capability,High Readiness/Capability,High Readiness/Capability,Low Readiness/Capability,Level 4: Managed/Quantitatively Managed,Level 5: Optimizing/Innovating,Level 5: Optimizing/Innovating,Level 4: Managed/Quantitatively Managed,Level 5: Optimizing/Innovating,Level 4: Managed/Quantitatively Managed,Level 4: Managed/Quantitatively Managed,Level 3: Defined/Standardized,Level 2: Developing/Repeatable,,complete,,,69c17630acada6abeead2da5,69c18075b9488957c0495795,prolific,https://app.prolific.com/submissions/complete?cc=CQ9PVTWX,,,0,,0,,0.07142857142857142,QID225,
2026-03-23,2026-03-23,IP Address,100,721,True,2026-03-23,4babc464acfa0ada0716af5ba9f74333,anonymous,,"CHRO (e.g., Chief Human Capital Officer (CHCO), Director of Human Resources, Personnel Director)",,I have limited involvement — I primarily implement technology decisions made by leadership,Transportation and Warehousing,,500-999,For-Profit,$50M-$99M,$10M-$49M,United States,National,Significant Barrier,Major Barrier,Minor Barrier,Significant Barrier,Minor Barrier,Major Barrier,Significant Barrier,Minor Barrier,Moderate Barrier,Major Barrier,Minor Barrier,Major Barrier,Minor Barrier,Not a Barrier,Minor Barrier,Not a Barrier,Not a Barrier,Minor Barrier,Major Barrier,,,,,Inadequate training programs for new technologies.,High cost associated with acquiring or implementing new technologies.,Difficulty integrating new technologies with existing legacy systems.,,,,,,,,,,,,Low Readiness/Capability,Moderate Readiness/Capability,Moderate Readiness/Capability,Very High Readiness/Capability,High Readiness/Capability,High Readiness/Capability,Moderate Readiness/Capability,Low Readiness/Capability,Moderate Readiness/Capability,Moderate Readiness/Capability,High Readiness/Capability,High Readiness/Capability,Moderate Readiness/Capability,Moderate Readiness/Capability,High Readiness/Capability,Low Readiness/Capability,High Readiness/Capability,Low Readiness/Capability,Level 3: Defined/Standardized,Level 4: Managed/Quantitatively Managed,Level 4: Managed/Quantitatively Managed,Level 4: Managed/Quantitatively Managed,Level 3: Defined/Standardized,Level 3: Defined/Standardized,Level 3: Defined/Standardized,Level 3: Defined/Standardized,Level 2: Developing/Repeatable,No,complete,,,69c17630acada6abeead2da5,69c181ded5ba30a8ceb7f9fa,prolific,https://app.prolific.com/submissions/complete?cc=CQ9PVTWX,,Unknown,0,,0,,0,,
2026-03-23,2026-03-23,IP Address,100,507,True,2026-03-23,79247af518eb7f9e7b06ce38f41add57,anonymous,,"CIO (e.g., Director of IT)",,I am one of several key decision-makers who collectively decide on technology adoption,Public Healthcare,,500-999,Non-Profit,$10M-$49M,<$10M,United States,Local,Moderate Barrier,Minor Barrier,Moderate Barrier,Minor Barrier,Minor Barrier,Significant Barrier,Minor Barrier,Minor Barrier,Minor Barrier,Minor Barrier,Moderate Barrier,Minor Barrier,Moderate Barrier,Significant Barrier,Minor Barrier,Significant Barrier,Not a Barrier,Not a Barrier,Major Barrier,,,,,,,,,,,Insufficient governance processes for selecting and managing new technologies.,,Concerns about cybersecurity risks associated with new technologies.,Concerns about data privacy compliance related to new technologies.,,,,,Moderate Readiness/Capability,Moderate Readiness/Capability,High Readiness/Capability,Moderate Readiness/Capability,Moderate Readiness/Capability,Moderate Readiness/Capability,Moderate Readiness/Capability,Moderate Readiness/Capability,Moderate Readiness/Capability,High Readiness/Capability,High Readiness/Capability,Moderate Readiness/Capability,Moderate Readiness/Capability,Moderate Readiness/Capability,High Readiness/Capability,High Readiness/Capability,Low Readiness/Capability,Low Readiness/Capability,Level 3: Defined/Standardized,Level 3: Defined/Standardized,Level 4: Managed/Quantitatively Managed,Level 4: Managed/Quantitatively Managed,Level 3: Defined/Standardized,Level 4: Managed/Quantitatively Managed,Level 4: Managed/Quantitatively Managed,Level 3: Defined/Standardized,Level 2: Developing/Repeatable,,complete,,,69c17630acada6abeead2da5,69c182e2e75a9e4f91af4f90,prolific,https://app.prolific.com/submissions/complete?cc=CQ9PVTWX,,,0,,0,,0.07142857142857142,QID225,
2026-03-23,2026-03-23,IP Address,100,1022,True,2026-03-23,c605856edc50557c76b35867fa01c89b,anonymous,,"CFO (e.g., Director of Finance, Budget Director, Comptroller)",,I am one of several key decision-makers who collectively decide on technology adoption,Finance and Insurance,,1000-4999,For-Profit,$100M-$499M,$10M-$49M,International,International,Minor Barrier,Minor Barrier,Not a Barrier,Not a Barrier,Minor Barrier,Moderate Barrier,Minor Barrier,Minor Barrier,Not a Barrier,Minor Barrier,Not a Barrier,Moderate Barrier,Minor Barrier,Minor Barrier,Moderate Barrier,Moderate Barrier,Minor Barrier,Moderate Barrier,Minor Barrier,,,,,,,Difficulty integrating new technologies with existing legacy systems.,,,,,,,,,,"Pressure to adopt technology due to external factors (e.g., mandates, public expectations, peer agency actions), without adequate internal readiness.",Difficulty finding reliable technology vendors or partners.,Very High Readiness/Capability,High Readiness/Capability,Very High Readiness/Capability,High Readiness/Capability,High Readiness/Capability,High Readiness/Capability,Very High Readiness/Capability,High Readiness/Capability,Moderate Readiness/Capability,Moderate Readiness/Capability,Moderate Readiness/Capability,High Readiness/Capability,Very High Readiness/Capability,Moderate Readiness/Capability,High Readiness/Capability,High Readiness/Capability,High Readiness/Capability,Low Readiness/Capability,Level 4: Managed/Quantitatively Managed,Level 4: Managed/Quantitatively Managed,Level 4: Managed/Quantitatively Managed,Level 4: Managed/Quantitatively Managed,Level 5: Optimizing/Innovating,Level 4: Managed/Quantitatively Managed,Level 4: Managed/Quantitatively Managed,Level 3: Defined/Standardized,Level 2: Developing/Repeatable,I feel everything was relatively covered.,complete,,,69c17630acada6abeead2da5,69c18071e71b80fe5220e025,prolific,https://app.prolific.com/submissions/complete?cc=CQ9PVTWX,,Unknown,0,,0,,0,,
2026-03-23,2026-03-23,IP Address,100,856,True,2026-03-23,e3c9d2d5e23d90c939df5b4d020a3633,anonymous,,"CIO (e.g., Director of IT)",,I am the primary decision-maker for technology adoption in my area of responsibility,Information,,500-999,For-Profit,$50M-$99M,$50M-$99M,United States,Regional,Major Barrier,Major Barrier,Moderate Barrier,Significant Barrier,Moderate Barrier,Significant Barrier,Major Barrier,Moderate Barrier,Moderate Barrier,Major Barrier,Moderate Barrier,Moderate Barrier,Major Barrier,Moderate Barrier,Minor Barrier,Moderate Barrier,Moderate Barrier,Minor Barrier,Major Barrier,Resistance to change among employees or middle management.,,,,,,Difficulty integrating new technologies with existing legacy systems.,,,Lack of a clear strategy or roadmap for technology adoption.,,,,,,,,,Low Readiness/Capability,Moderate Readiness/Capability,Moderate Readiness/Capability,Low Readiness/Capability,Low Readiness/Capability,Low Readiness/Capability,Low Readiness/Capability,Low Readiness/Capability,Moderate Readiness/Capability,Very Low Readiness/Capability,High Readiness/Capability,Moderate Readiness/Capability,Moderate Readiness/Capability,Moderate Readiness/Capability,Moderate Readiness/Capability,Moderate Readiness/Capability,Low Readiness/Capability,Low Readiness/Capability,Level 2: Developing/Repeatable,Level 2: Developing/Repeatable,Level 3: Defined/Standardized,Level 3: Defined/Standardized,Level 3: Defined/Standardized,Level 2: Developing/Repeatable,Level 2: Developing/Repeatable,Level 1: Initial/Ad Hoc,Level 2: Developing/Repeatable,,complete,,,69c17630acada6abeead2da5,69c1828c1601136071f5ed36,prolific,https://app.prolific.com/submissions/complete?cc=CQ9PVTWX,,,0,,0,,0.07142857142857142,QID225,
2026-03-23,2026-03-23,IP Address,100,1062,True,2026-03-23,f8757fa1327315d081af5c0c534f3869,anonymous,,Other (please specify),Director of Operations and HR,I am one of several key decision-makers who collectively decide on technology adoption,Construction,,<100,For-Profit,<$10M,<$10M,United States,Regional,Moderate Barrier,Minor Barrier,Minor Barrier,Moderate Barrier,Moderate Barrier,Significant Barrier,Significant Barrier,Moderate Barrier,Moderate Barrier,Moderate Barrier,Not a Barrier,Minor Barrier,Not a Barrier,Not a Barrier,Minor Barrier,Not a Barrier,Not a Barrier,Not a Barrier,Major Barrier,,,,,,High cost associated with acquiring or implementing new technologies.,Difficulty integrating new technologies with existing legacy systems.,"Inadequate IT infrastructure (e.g., network, storage, computing power) to support new technologies.",,,,,,,,,,,Moderate Readiness/Capability,Moderate Readiness/Capability,Low Readiness/Capability,Moderate Readiness/Capability,Low Readiness/Capability,Moderate Readiness/Capability,Low Readiness/Capability,Moderate Readiness/Capability,Low Readiness/Capability,Low Readiness/Capability,Moderate Readiness/Capability,Moderate Readiness/Capability,Moderate Readiness/Capability,Moderate Readiness/Capability,Moderate Readiness/Capability,Low Readiness/Capability,Moderate Readiness/Capability,Low Readiness/Capability,Level 2: Developing/Repeatable,Level 2: Developing/Repeatable,Level 3: Defined/Standardized,Level 2: Developing/Repeatable,Level 3: Defined/Standardized,Level 3: Defined/Standardized,Level 3: Defined/Standardized,Level 3: Defined/Standardized,Level 2: Developing/Repeatable,"I think mostly not dealing with size of business and actual need for major technology upgrades. Small to medium size business , especially in the construction , home remodeling business , major technology changes are not something that drives our industry , customer service and quality of work performed on site is what we focus on more.",complete,,,69c17630acada6abeead2da5,69c181dc8103b7cb21e4b23b,prolific,https://app.prolific.com/submissions/complete?cc=CQ9PVTWX,,Unknown,0,,0,,0,,
2026-03-23,2026-03-23,IP Address,100,810,True,2026-03-23,8cce87beebacca39a2448f88cb025b82,anonymous,,"CMO (e.g., Director of Communications, Public Affairs Officer, Chief Marketing & Communications Officer)",,I am one of several key decision-makers who collectively decide on technology adoption,Manufacturing,,500-999,For-Profit,$500M-$999M,$10M-$49M,United States,National,Not a Barrier,Minor Barrier,Not a Barrier,Major Barrier,Major Barrier,Not a Barrier,Minor Barrier,Not a Barrier,Not a Barrier,Moderate Barrier,Significant Barrier,Significant Barrier,Significant Barrier,Moderate Barrier,Significant Barrier,Moderate Barrier,Moderate Barrier,Minor Barrier,Significant Barrier,,,,Insufficient skills or expertise within the workforce to utilize new technologies effectively.,,,,,"Difficulty demonstrating clear value (e.g., mission impact, public value, cost-effectiveness) for new technology investments.",,,,,,,,"Pressure to adopt technology due to external factors (e.g., mandates, public expectations, peer agency actions), without adequate internal readiness.",,High Readiness/Capability,High Readiness/Capability,Moderate Readiness/Capability,Very High Readiness/Capability,Low Readiness/Capability,High Readiness/Capability,High Readiness/Capability,Moderate Readiness/Capability,High Readiness/Capability,Low Readiness/Capability,High Readiness/Capability,Moderate Readiness/Capability,Moderate Readiness/Capability,Low Readiness/Capability,Moderate Readiness/Capability,Moderate Readiness/Capability,Very High Readiness/Capability,Low Readiness/Capability,Level 3: Defined/Standardized,Level 3: Defined/Standardized,Level 3: Defined/Standardized,Level 3: Defined/Standardized,Level 4: Managed/Quantitatively Managed,Level 4: Managed/Quantitatively Managed,Level 3: Defined/Standardized,Level 4: Managed/Quantitatively Managed,Level 2: Developing/Repeatable,Our issue is consistency adoption nationally. It seems certain regions are more capable and receptive to new technologies than others. We think it’s cultural. ,complete,,,69c17630acada6abeead2da5,69c18349f2d4f7c159f56d72,prolific,https://app.prolific.com/submissions/complete?cc=CQ9PVTWX,,Unknown,0,,0,,0,,
2026-03-23,2026-03-23,IP Address,100,631,True,2026-03-23,7ccf661f2a6d3ec210ada0cd01ce9035,anonymous,,"CIO (e.g., Director of IT)",,I am one of several key decision-makers who collectively decide on technology adoption,"Professional, Scientific, and Technical Services",,100-499,For-Profit,$10M-$49M,$10M-$49M,United States,Regional,Not a Barrier,Not a Barrier,Not a Barrier,Minor Barrier,Minor Barrier,Moderate Barrier,Minor Barrier,Minor Barrier,Not a Barrier,Not a Barrier,Significant Barrier,Minor Barrier,Significant Barrier,Significant Barrier,Moderate Barrier,Significant Barrier,Moderate Barrier,Minor Barrier,Major Barrier,,,,,,,,,,,,,Concerns about cybersecurity risks associated with new technologies.,Concerns about data privacy compliance related to new technologies.,,Uncertainty or complexity related to regulatory requirements.,,,Very High Readiness/Capability,Very High Readiness/Capability,High Readiness/Capability,Very High Readiness/Capability,Very High Readiness/Capability,Very High Readiness/Capability,Very High Readiness/Capability,High Readiness/Capability,High Readiness/Capability,Very High Readiness/Capability,Very High Readiness/Capability,High Readiness/Capability,Very High Readiness/Capability,Very High Readiness/Capability,Very High Readiness/Capability,High Readiness/Capability,Moderate Readiness/Capability,Low Readiness/Capability,Level 4: Managed/Quantitatively Managed,Level 4: Managed/Quantitatively Managed,Level 3: Defined/Standardized,Level 3: Defined/Standardized,Level 3: Defined/Standardized,Level 4: Managed/Quantitatively Managed,Level 4: Managed/Quantitatively Managed,Level 4: Managed/Quantitatively Managed,Level 2: Developing/Repeatable,nothing comes to mind,complete,,,69c17630acada6abeead2da5,69c18382679725224cb1e293,prolific,https://app.prolific.com/submissions/complete?cc=CQ9PVTWX,,Unknown,0,,0,,0,,
2026-03-23,2026-03-23,IP Address,100,1560,True,2026-03-23,ba35a8e0f09ff6e789cdaf4ed857f346,anonymous,,"CIO (e.g., Director of IT)",,"I provide significant input and recommendations, but final decisions are made by others","Professional, Scientific, and Technical Services",,1000-4999,For-Profit,$100M-$499M,$10M-$49M,United States,International,Moderate Barrier,Moderate Barrier,Moderate Barrier,Moderate Barrier,Major Barrier,Major Barrier,Significant Barrier,Minor Barrier,Significant Barrier,Moderate Barrier,Moderate Barrier,Major Barrier,Significant Barrier,Major Barrier,Major Barrier,Moderate Barrier,Moderate Barrier,Minor Barrier,Major Barrier,Resistance to change among employees or middle management.,,,,Inadequate training programs for new technologies.,,,,,,,New technologies disrupting existing workflows or processes significantly.,,,,,,,Very High Readiness/Capability,High Readiness/Capability,Moderate Readiness/Capability,High Readiness/Capability,Moderate Readiness/Capability,High Readiness/Capability,Moderate Readiness/Capability,High Readiness/Capability,Moderate Readiness/Capability,High Readiness/Capability,High Readiness/Capability,Moderate Readiness/Capability,High Readiness/Capability,High Readiness/Capability,Moderate Readiness/Capability,Moderate Readiness/Capability,Moderate Readiness/Capability,Low Readiness/Capability,Level 3: Defined/Standardized,Level 4: Managed/Quantitatively Managed,Level 3: Defined/Standardized,Level 3: Defined/Standardized,Level 4: Managed/Quantitatively Managed,Level 3: Defined/Standardized,Level 3: Defined/Standardized,Level 3: Defined/Standardized,Level 2: Developing/Repeatable,"End-user engagement and feedback. Actively involving users in evaluating and piloting new tech helps make sure the adoption is practical and effective. This reduces customer service complaints. Also, Thank you for the opportunity! ",complete,,,69c17630acada6abeead2da5,69c180ea99e855a577b66385,prolific,https://app.prolific.com/submissions/complete?cc=CQ9PVTWX,,Unknown,0,,0,,0,,
2026-03-23,2026-03-23,IP Address,100,617,True,2026-03-23,d873e9a508ba1a4580e42c3cf5a81471,anonymous,,"CMO (e.g., Director of Communications, Public Affairs Officer, Chief Marketing & Communications Officer)",,"I provide significant input and recommendations, but final decisions are made by others",Information,,500-999,For-Profit,$500M-$999M,$50M-$99M,United States,National,Not a Barrier,Not a Barrier,Not a Barrier,Minor Barrier,Not a Barrier,Significant Barrier,Not a Barrier,Not a Barrier,Moderate Barrier,Minor Barrier,Minor Barrier,Minor Barrier,Major Barrier,Major Barrier,Moderate Barrier,Not a Barrier,Minor Barrier,Moderate Barrier,Major Barrier,,,,,,High cost associated with acquiring or implementing new technologies.,,,,,,,Concerns about cybersecurity risks associated with new technologies.,Concerns about data privacy compliance related to new technologies.,,,,,High Readiness/Capability,High Readiness/Capability,High Readiness/Capability,Very High Readiness/Capability,Very High Readiness/Capability,Very High Readiness/Capability,High Readiness/Capability,Moderate Readiness/Capability,Moderate Readiness/Capability,High Readiness/Capability,Very High Readiness/Capability,Moderate Readiness/Capability,High Readiness/Capability,High Readiness/Capability,Moderate Readiness/Capability,High Readiness/Capability,Low Readiness/Capability,Low Readiness/Capability,Level 3: Defined/Standardized,Level 3: Defined/Standardized,Level 4: Managed/Quantitatively Managed,Level 4: Managed/Quantitatively Managed,Level 2: Developing/Repeatable,Level 4: Managed/Quantitatively Managed,Level 5: Optimizing/Innovating,Don't Know,Level 2: Developing/Repeatable,"It's all covered, all clear",complete,,,69c17630acada6abeead2da5,69c184f16e95f5c25842736a,prolific,https://app.prolific.com/submissions/complete?cc=CQ9PVTWX,,Unknown,0,,0,,0,,
2026-03-23,2026-03-23,IP Address,100,1148,True,2026-03-23,2963e8bca177368321c8e18c59ca2001,anonymous,,"CFO (e.g., Director of Finance, Budget Director, Comptroller)",,I am the primary decision-maker for technology adoption in my area of responsibility,Non-Profit Organization (Non-Governmental),,<100,Non-Profit,<$10M,<$10M,United States,Local,Minor Barrier,Not a Barrier,Not a Barrier,Not a Barrier,Not a Barrier,Minor Barrier,Not a Barrier,Not a Barrier,Not a Barrier,Not a Barrier,Not a Barrier,Moderate Barrier,Not a Barrier,Minor Barrier,Minor Barrier,Not a Barrier,Not a Barrier,Moderate Barrier,Major Barrier,,,,Insufficient skills or expertise within the workforce to utilize new technologies effectively.,,High cost associated with acquiring or implementing new technologies.,,,,,,New technologies disrupting existing workflows or processes significantly.,,,,,,,Very High Readiness/Capability,Very High Readiness/Capability,High Readiness/Capability,Moderate Readiness/Capability,Very High Readiness/Capability,Very High Readiness/Capability,Very High Readiness/Capability,Very High Readiness/Capability,Very High Readiness/Capability,High Readiness/Capability,Very High Readiness/Capability,Very High Readiness/Capability,Very High Readiness/Capability,Very High Readiness/Capability,Very High Readiness/Capability,High Readiness/Capability,High Readiness/Capability,Low Readiness/Capability,Level 3: Defined/Standardized,Level 5: Optimizing/Innovating,Level 4: Managed/Quantitatively Managed,Level 4: Managed/Quantitatively Managed,Level 4: Managed/Quantitatively Managed,Level 5: Optimizing/Innovating,Level 5: Optimizing/Innovating,Level 5: Optimizing/Innovating,Level 2: Developing/Repeatable,"The prior barriers were adequately listed, though not all applied to our organization; the ones that were provided were ideally sufficient in their descriptive processes. ",complete,,,69c17630acada6abeead2da5,69c183423a4e5010caa70ed6,prolific,https://app.prolific.com/submissions/complete?cc=CQ9PVTWX,,Unknown,0,,0,,0,,
2026-03-23,2026-03-23,IP Address,100,894,True,2026-03-23,606a4bcd4129e782fe4cfed93e9dd58a,anonymous,,"CMO (e.g., Director of Communications, Public Affairs Officer, Chief Marketing & Communications Officer)",,"I provide significant input and recommendations, but final decisions are made by others",Real Estate and Rental and Leasing,,100-499,For-Profit,<$10M,<$10M,United States,Local,Significant Barrier,Moderate Barrier,Significant Barrier,Moderate Barrier,Moderate Barrier,Moderate Barrier,Moderate Barrier,Moderate Barrier,Moderate Barrier,Moderate Barrier,,Minor Barrier,Significant Barrier,Significant Barrier,Moderate Barrier,Moderate Barrier,Significant Barrier,Moderate Barrier,Major Barrier,Resistance to change among employees or middle management.,,,,,,,,,Lack of a clear strategy or roadmap for technology adoption.,,,Concerns about cybersecurity risks associated with new technologies.,,,,,,Very Low Readiness/Capability,Very Low Readiness/Capability,Don't Know,Low Readiness/Capability,Moderate Readiness/Capability,Low Readiness/Capability,Low Readiness/Capability,Low Readiness/Capability,Low Readiness/Capability,Low Readiness/Capability,Low Readiness/Capability,Don't Know,Moderate Readiness/Capability,Low Readiness/Capability,Low Readiness/Capability,Moderate Readiness/Capability,Low Readiness/Capability,Low Readiness/Capability,Level 2: Developing/Repeatable,Level 2: Developing/Repeatable,Level 2: Developing/Repeatable,Don't Know,Level 3: Defined/Standardized,Level 1: Initial/Ad Hoc,Level 2: Developing/Repeatable,Level 2: Developing/Repeatable,Level 2: Developing/Repeatable,There are many people in our firm who are resistant to change.,complete,,,69c17630acada6abeead2da5,69c18518ec505c1ddb221164,prolific,https://app.prolific.com/submissions/complete?cc=CQ9PVTWX,,Unknown,0,,0,,0,,
2026-03-23,2026-03-23,IP Address,100,369,True,2026-03-23,dcd80ea4498f3154b41ad16055552118,anonymous,,"CTO (e.g., Director of Technology/Innovation, Chief Scientist)",,I am the primary decision-maker for technology adoption in my area of responsibility,"Professional, Scientific, and Technical Services",,10000+,For-Profit,$1B+,$500M-$999M,United States,National,Not a Barrier,Not a Barrier,Not a Barrier,Not a Barrier,Minor Barrier,Significant Barrier,Minor Barrier,Not a Barrier,Minor Barrier,Not a Barrier,Minor Barrier,Not a Barrier,Significant Barrier,Major Barrier,Moderate Barrier,Not a Barrier,Minor Barrier,Minor Barrier,Major Barrier,,,,,,,,,"Difficulty demonstrating clear value (e.g., mission impact, public value, cost-effectiveness) for new technology investments.",,,,Concerns about cybersecurity risks associated with new technologies.,Concerns about data privacy compliance related to new technologies.,,,,,Very High Readiness/Capability,Low Readiness/Capability,Very Low Readiness/Capability,High Readiness/Capability,Very High Readiness/Capability,High Readiness/Capability,Low Readiness/Capability,Don't Know,Moderate Readiness/Capability,Moderate Readiness/Capability,Low Readiness/Capability,Very High Readiness/Capability,Moderate Readiness/Capability,Very High Readiness/Capability,Don't Know,Moderate Readiness/Capability,Very High Readiness/Capability,Low Readiness/Capability,Don't Know,Level 2: Developing/Repeatable,Level 3: Defined/Standardized,Level 4: Managed/Quantitatively Managed,Level 3: Defined/Standardized,Level 3: Defined/Standardized,Level 5: Optimizing/Innovating,Level 3: Defined/Standardized,Level 2: Developing/Repeatable,Not really other than individuals just need to learn ,complete,,,69c17630acada6abeead2da5,69c1885483ce4dc6fb04d71d,prolific,https://app.prolific.com/submissions/complete?cc=CQ9PVTWX,,Unknown,0,,0,,0,,
2026-03-23,2026-03-23,IP Address,100,703,True,2026-03-23,5a4958a147d50da071c6faa546a9a858,anonymous,,"CHRO (e.g., Chief Human Capital Officer (CHCO), Director of Human Resources, Personnel Director)",,"I provide significant input and recommendations, but final decisions are made by others",Manufacturing,,<100,For-Profit,<$10M,<$10M,United States,International,Moderate Barrier,Moderate Barrier,Not a Barrier,Minor Barrier,Not a Barrier,Significant Barrier,Moderate Barrier,Not a Barrier,Significant Barrier,Minor Barrier,Not a Barrier,Moderate Barrier,Not a Barrier,Not a Barrier,Moderate Barrier,Moderate Barrier,Moderate Barrier,Not a Barrier,Major Barrier,,,,,,High cost associated with acquiring or implementing new technologies.,Difficulty integrating new technologies with existing legacy systems.,,,,,New technologies disrupting existing workflows or processes significantly.,,,,,,,Moderate Readiness/Capability,Low Readiness/Capability,Very Low Readiness/Capability,Low Readiness/Capability,Very Low Readiness/Capability,Very Low Readiness/Capability,Moderate Readiness/Capability,Low Readiness/Capability,Very Low Readiness/Capability,Low Readiness/Capability,Very Low Readiness/Capability,Low Readiness/Capability,Moderate Readiness/Capability,Moderate Readiness/Capability,Low Readiness/Capability,Very Low Readiness/Capability,Low Readiness/Capability,Low Readiness/Capability,Level 2: Developing/Repeatable,Level 3: Defined/Standardized,Level 3: Defined/Standardized,Level 3: Defined/Standardized,Level 2: Developing/Repeatable,Level 3: Defined/Standardized,Level 2: Developing/Repeatable,Level 1: Initial/Ad Hoc,Level 2: Developing/Repeatable,"no, thank you",complete,,,69c17630acada6abeead2da5,69c187f3d0f736e338566817,prolific,https://app.prolific.com/submissions/complete?cc=CQ9PVTWX,,Unknown,0,,0,,0,,
2026-03-23,2026-03-23,IP Address,100,1199,True,2026-03-23,7d2044f3786f435bd3789a718c12bcae,anonymous,,"CTO (e.g., Director of Technology/Innovation, Chief Scientist)",,I am one of several key decision-makers who collectively decide on technology adoption,Non-Profit Organization (Non-Governmental),,1000-4999,Non-Profit,<$10M,<$10M,International,International,Minor Barrier,Minor Barrier,Not a Barrier,Moderate Barrier,Not a Barrier,Significant Barrier,Minor Barrier,Minor Barrier,Not a Barrier,Not a Barrier,Minor Barrier,Minor Barrier,Moderate Barrier,Minor Barrier,Minor Barrier,Not a Barrier,Minor Barrier,Not a Barrier,Major Barrier,,"Lack of support or clear vision from top leadership (including the board, e.g., governing body, oversight committee).",,,,High cost associated with acquiring or implementing new technologies.,,,,,,New technologies disrupting existing workflows or processes significantly.,,,,,,,Moderate Readiness/Capability,Low Readiness/Capability,Moderate Readiness/Capability,Moderate Readiness/Capability,High Readiness/Capability,High Readiness/Capability,High Readiness/Capability,Moderate Readiness/Capability,High Readiness/Capability,Moderate Readiness/Capability,High Readiness/Capability,High Readiness/Capability,High Readiness/Capability,Moderate Readiness/Capability,Moderate Readiness/Capability,High Readiness/Capability,Moderate Readiness/Capability,Low Readiness/Capability,Level 4: Managed/Quantitatively Managed,Level 2: Developing/Repeatable,Level 3: Defined/Standardized,Level 3: Defined/Standardized,Level 4: Managed/Quantitatively Managed,Level 3: Defined/Standardized,Level 3: Defined/Standardized,Level 3: Defined/Standardized,Level 2: Developing/Repeatable,We have experienced a major restructuring so I’m still impressed with how we are still implementing new technology!  We lost about 25% of our workforce and are still gettigg by it done. Great survey. ,complete,,,69c17630acada6abeead2da5,69c1861119f60ca46dc5dc53,prolific,https://app.prolific.com/submissions/complete?cc=CQ9PVTWX,,Unknown,0,,0,,0,,
2026-03-23,2026-03-23,IP Address,100,2229,True,2026-03-23,c7f198c8a3b9f8ec5327021e5aaf65d9,anonymous,,"CMO (e.g., Director of Communications, Public Affairs Officer, Chief Marketing & Communications Officer)",,I am one of several key decision-makers who collectively decide on technology adoption,Non-Profit Organization (Non-Governmental),,500-999,Non-Profit,$10M-$49M,<$10M,United States,Regional,Minor Barrier,Moderate Barrier,Minor Barrier,Minor Barrier,Minor Barrier,Significant Barrier,Moderate Barrier,Not a Barrier,Minor Barrier,Minor Barrier,Minor Barrier,Minor Barrier,Minor Barrier,Moderate Barrier,Moderate Barrier,Moderate Barrier,Not a Barrier,Not a Barrier,Major Barrier,,,,,,High cost associated with acquiring or implementing new technologies.,Difficulty integrating new technologies with existing legacy systems.,,,,,,,,,Uncertainty or complexity related to regulatory requirements.,,,Moderate Readiness/Capability,Moderate Readiness/Capability,Moderate Readiness/Capability,Moderate Readiness/Capability,Moderate Readiness/Capability,Moderate Readiness/Capability,Low Readiness/Capability,Moderate Readiness/Capability,Low Readiness/Capability,Moderate Readiness/Capability,Low Readiness/Capability,Moderate Readiness/Capability,Moderate Readiness/Capability,Moderate Readiness/Capability,Moderate Readiness/Capability,Moderate Readiness/Capability,Low Readiness/Capability,Low Readiness/Capability,Level 3: Defined/Standardized,Level 3: Defined/Standardized,Level 3: Defined/Standardized,Level 3: Defined/Standardized,Level 3: Defined/Standardized,Level 3: Defined/Standardized,Level 2: Developing/Repeatable,Level 4: Managed/Quantitatively Managed,Level 2: Developing/Repeatable,n/a,complete,,,69c17630acada6abeead2da5,69c1824e8cd6cb4168ada9d8,prolific,https://app.prolific.com/submissions/complete?cc=CQ9PVTWX,,Unknown,0,,0,,0,,
2026-03-23,2026-03-23,IP Address,100,717,True,2026-03-23,cf84f73621513ea0b46e6ae2acc2d1be,anonymous,,"COO (e.g., Deputy Director, Chief of Staff, Assistant Secretary for Administration)",,I am the primary decision-maker for technology adoption in my area of responsibility,Retail Trade,,1000-4999,For-Profit,$50M-$99M,<$10M,United States,International,Minor Barrier,Not a Barrier,Not a Barrier,Minor Barrier,Minor Barrier,Minor Barrier,Minor Barrier,Minor Barrier,Significant Barrier,Minor Barrier,Not a Barrier,Minor Barrier,Not a Barrier,Minor Barrier,Minor Barrier,Moderate Barrier,Not a Barrier,Not a Barrier,Major Barrier,,,,,,High cost associated with acquiring or implementing new technologies.,,,,Lack of a clear strategy or roadmap for technology adoption.,,,,Concerns about data privacy compliance related to new technologies.,,,,,High Readiness/Capability,Moderate Readiness/Capability,Moderate Readiness/Capability,Moderate Readiness/Capability,High Readiness/Capability,Moderate Readiness/Capability,High Readiness/Capability,High Readiness/Capability,Moderate Readiness/Capability,High Readiness/Capability,High Readiness/Capability,Very High Readiness/Capability,High Readiness/Capability,Moderate Readiness/Capability,High Readiness/Capability,Low Readiness/Capability,Moderate Readiness/Capability,Low Readiness/Capability,Level 3: Defined/Standardized,Level 4: Managed/Quantitatively Managed,Level 4: Managed/Quantitatively Managed,Level 3: Defined/Standardized,Level 4: Managed/Quantitatively Managed,Level 3: Defined/Standardized,Level 3: Defined/Standardized,Level 2: Developing/Repeatable,Level 2: Developing/Repeatable,"I believe that each significant barrier was covered in this survey. Smaller, insignificant barriers exist, but those are more complex and individualized.",complete,,,69c17630acada6abeead2da5,69c1887c052f5a58a1c9a0af,prolific,https://app.prolific.com/submissions/complete?cc=CQ9PVTWX,,Unknown,0,,0,,0,,
2026-03-23,2026-03-23,IP Address,100,406,True,2026-03-23,93affa703e8dcf1f28b2d91afae7151a,anonymous,,"CIO (e.g., Director of IT)",,I am the primary decision-maker for technology adoption in my area of responsibility,"Professional, Scientific, and Technical Services",,5000-9999,Non-Profit,$100M-$499M,<$10M,International,National,Not a Barrier,Moderate Barrier,Major Barrier,Moderate Barrier,Not a Barrier,Significant Barrier,Major Barrier,Not a Barrier,Moderate Barrier,Significant Barrier,Significant Barrier,Major Barrier,Major Barrier,Major Barrier,Moderate Barrier,Not a Barrier,Significant Barrier,Minor Barrier,Major Barrier,,,Organizational culture that discourages risk-taking or experimentation with new technologies.,,,,Difficulty integrating new technologies with existing legacy systems.,,,,,,,Concerns about data privacy compliance related to new technologies.,,,,,Very Low Readiness/Capability,Very Low Readiness/Capability,Low Readiness/Capability,Low Readiness/Capability,Moderate Readiness/Capability,Low Readiness/Capability,Moderate Readiness/Capability,Low Readiness/Capability,High Readiness/Capability,Very Low Readiness/Capability,Moderate Readiness/Capability,Low Readiness/Capability,High Readiness/Capability,Moderate Readiness/Capability,Very Low Readiness/Capability,Moderate Readiness/Capability,Low Readiness/Capability,Low Readiness/Capability,Level 4: Managed/Quantitatively Managed,Level 1: Initial/Ad Hoc,Level 3: Defined/Standardized,Level 2: Developing/Repeatable,Level 2: Developing/Repeatable,Level 3: Defined/Standardized,Level 1: Initial/Ad Hoc,Level 2: Developing/Repeatable,Level 2: Developing/Repeatable,No further comments,complete,,,69c17630acada6abeead2da5,69c189e9dbb933548c9dd245,prolific,https://app.prolific.com/submissions/complete?cc=CQ9PVTWX,,Unknown,0,,0,,0,,
2026-03-23,2026-03-23,IP Address,100,852,True,2026-03-23,40721ff3a1c5ca109e014688de14e750,anonymous,,"CFO (e.g., Director of Finance, Budget Director, Comptroller)",,I am one of several key decision-makers who collectively decide on technology adoption,Public Education (K-12/Higher Ed),,5000-9999,For-Profit,$100M-$499M,$10M-$49M,International,International,Moderate Barrier,Significant Barrier,Moderate Barrier,Major Barrier,Major Barrier,Major Barrier,Major Barrier,Significant Barrier,Moderate Barrier,Significant Barrier,Significant Barrier,Moderate Barrier,Moderate Barrier,Significant Barrier,Moderate Barrier,Significant Barrier,Moderate Barrier,Minor Barrier,Major Barrier,Resistance to change among employees or middle management.,,,,,High cost associated with acquiring or implementing new technologies.,Difficulty integrating new technologies with existing legacy systems.,,,,,,,,,,,,Moderate Readiness/Capability,Moderate Readiness/Capability,Low Readiness/Capability,Low Readiness/Capability,Low Readiness/Capability,Moderate Readiness/Capability,Very Low Readiness/Capability,Low Readiness/Capability,Very Low Readiness/Capability,Very Low Readiness/Capability,High Readiness/Capability,Low Readiness/Capability,Moderate Readiness/Capability,Moderate Readiness/Capability,Low Readiness/Capability,Moderate Readiness/Capability,Very Low Readiness/Capability,Low Readiness/Capability,Level 2: Developing/Repeatable,Level 2: Developing/Repeatable,Level 2: Developing/Repeatable,Level 2: Developing/Repeatable,Level 3: Defined/Standardized,Level 2: Developing/Repeatable,Level 2: Developing/Repeatable,Level 1: Initial/Ad Hoc,Level 2: Developing/Repeatable,"No, but thank you! :)",complete,,,69c17630acada6abeead2da5,69c1885e3dce701de185f15c,prolific,https://app.prolific.com/submissions/complete?cc=CQ9PVTWX,,Unknown,0,,0,,0,,
2026-03-23,2026-03-23,IP Address,100,662,True,2026-03-23,32497845a240380cce54e523b0425678,anonymous,,"CFO (e.g., Director of Finance, Budget Director, Comptroller)",,"I provide significant input and recommendations, but final decisions are made by others",Non-Profit Organization (Non-Governmental),,100-499,Non-Profit,$100M-$499M,$50M-$99M,United States,National,Significant Barrier,Significant Barrier,Significant Barrier,Moderate Barrier,Moderate Barrier,Not a Barrier,Significant Barrier,Moderate Barrier,Minor Barrier,Moderate Barrier,Moderate Barrier,Minor Barrier,Moderate Barrier,Moderate Barrier,Moderate Barrier,Not a Barrier,Not a Barrier,Minor Barrier,Major Barrier,Resistance to change among employees or middle management.,,Organizational culture that discourages risk-taking or experimentation with new technologies.,,,,Difficulty integrating new technologies with existing legacy systems.,,,,,,,,,,,,Low Readiness/Capability,Moderate Readiness/Capability,Moderate Readiness/Capability,Moderate Readiness/Capability,Moderate Readiness/Capability,Moderate Readiness/Capability,Moderate Readiness/Capability,Moderate Readiness/Capability,Low Readiness/Capability,Low Readiness/Capability,Low Readiness/Capability,High Readiness/Capability,Moderate Readiness/Capability,High Readiness/Capability,High Readiness/Capability,Low Readiness/Capability,Very High Readiness/Capability,Low Readiness/Capability,Level 4: Managed/Quantitatively Managed,Level 2: Developing/Repeatable,Level 3: Defined/Standardized,Level 3: Defined/Standardized,Level 2: Developing/Repeatable,Level 3: Defined/Standardized,Level 3: Defined/Standardized,Level 1: Initial/Ad Hoc,Level 2: Developing/Repeatable,N/A,complete,,,69c17630acada6abeead2da5,69c188181d89cf41bfb5f6e7,prolific,https://app.prolific.com/submissions/complete?cc=CQ9PVTWX,,Unknown,0,,0,,0,,
2026-03-23,2026-03-23,IP Address,100,518,True,2026-03-23,e20d3ee40bef468066403708f8e5eb15,anonymous,,"CIO (e.g., Director of IT)",,I am the primary decision-maker for technology adoption in my area of responsibility,Finance and Insurance,,500-999,For-Profit,$100M-$499M,$10M-$49M,United States,National,Minor Barrier,Not a Barrier,Not a Barrier,Minor Barrier,Minor Barrier,Moderate Barrier,Major Barrier,Significant Barrier,Not a Barrier,Minor Barrier,Not a Barrier,Significant Barrier,Minor Barrier,Minor Barrier,Minor Barrier,Significant Barrier,Moderate Barrier,Not a Barrier,Major Barrier,,,,,,,Difficulty integrating new technologies with existing legacy systems.,"Inadequate IT infrastructure (e.g., network, storage, computing power) to support new technologies.",,,,,,Concerns about data privacy compliance related to new technologies.,,,,,Very High Readiness/Capability,High Readiness/Capability,High Readiness/Capability,Very High Readiness/Capability,Moderate Readiness/Capability,High Readiness/Capability,Moderate Readiness/Capability,Moderate Readiness/Capability,Moderate Readiness/Capability,Low Readiness/Capability,High Readiness/Capability,Moderate Readiness/Capability,Moderate Readiness/Capability,Very High Readiness/Capability,Moderate Readiness/Capability,High Readiness/Capability,Moderate Readiness/Capability,Low Readiness/Capability,Level 4: Managed/Quantitatively Managed,Level 3: Defined/Standardized,Level 2: Developing/Repeatable,Level 3: Defined/Standardized,Level 2: Developing/Repeatable,Level 4: Managed/Quantitatively Managed,Level 4: Managed/Quantitatively Managed,Level 4: Managed/Quantitatively Managed,Level 2: Developing/Repeatable,n/a,complete,,,69c17630acada6abeead2da5,69c18a771fe783ade2b669aa,prolific,https://app.prolific.com/submissions/complete?cc=CQ9PVTWX,,Unknown,0,,0,,0,,
2026-03-23,2026-03-23,IP Address,100,1080,True,2026-03-23,517b35dbe470aa07b28741651dac2ada,anonymous,,"CIO (e.g., Director of IT)",,I am the primary decision-maker for technology adoption in my area of responsibility,Finance and Insurance,,500-999,For-Profit,$100M-$499M,$50M-$99M,United States,National,Significant Barrier,Moderate Barrier,Moderate Barrier,Major Barrier,Significant Barrier,,,Significant Barrier,Significant Barrier,Major Barrier,Moderate Barrier,Major Barrier,Significant Barrier,Significant Barrier,Moderate Barrier,Moderate Barrier,Moderate Barrier,Moderate Barrier,,,,,Insufficient skills or expertise within the workforce to utilize new technologies effectively.,,High cost associated with acquiring or implementing new technologies.,Difficulty integrating new technologies with existing legacy systems.,,,,,,,,,,,,Very High Readiness/Capability,Very High Readiness/Capability,Moderate Readiness/Capability,High Readiness/Capability,High Readiness/Capability,High Readiness/Capability,Moderate Readiness/Capability,High Readiness/Capability,High Readiness/Capability,Moderate Readiness/Capability,Very High Readiness/Capability,High Readiness/Capability,High Readiness/Capability,High Readiness/Capability,High Readiness/Capability,High Readiness/Capability,High Readiness/Capability,Low Readiness/Capability,Level 3: Defined/Standardized,Level 3: Defined/Standardized,Level 3: Defined/Standardized,Level 3: Defined/Standardized,Level 3: Defined/Standardized,Level 3: Defined/Standardized,Level 3: Defined/Standardized,Level 3: Defined/Standardized,Level 2: Developing/Repeatable,Successful technology implementation mostly depends on communication and cooperation across departments. Early user participation guarantees the technology satisfies genuine needs and lowers opposition by helping it to be certain. Improving adoption and guaranteeing longterm worth depend also on ongoing assessment and feedback.,error,timeout,,69c17630acada6abeead2da5,69c18827788d4cfcded02036,prolific,https://app.prolific.com/submissions/complete?cc=CQ9PVTWX,,Unknown,0,,0,,0,,
2026-03-23,2026-03-23,IP Address,100,866,True,2026-03-23,439488628c0ae5017363c0d1857ae14c,anonymous,,"CHRO (e.g., Chief Human Capital Officer (CHCO), Director of Human Resources, Personnel Director)",,I am one of several key decision-makers who collectively decide on technology adoption,Public Healthcare,,1000-4999,Non-Profit,$50M-$99M,$10M-$49M,United States,Local,Minor Barrier,Minor Barrier,Not a Barrier,Not a Barrier,Not a Barrier,Minor Barrier,Moderate Barrier,Not a Barrier,Minor Barrier,Not a Barrier,Not a Barrier,Minor Barrier,Moderate Barrier,Moderate Barrier,Not a Barrier,Moderate Barrier,Not a Barrier,Not a Barrier,Major Barrier,Resistance to change among employees or middle management.,,,,,,,,,,,,Concerns about cybersecurity risks associated with new technologies.,Concerns about data privacy compliance related to new technologies.,,,,,High Readiness/Capability,High Readiness/Capability,Moderate Readiness/Capability,Moderate Readiness/Capability,High Readiness/Capability,Moderate Readiness/Capability,High Readiness/Capability,Moderate Readiness/Capability,Moderate Readiness/Capability,Moderate Readiness/Capability,Very High Readiness/Capability,Moderate Readiness/Capability,Moderate Readiness/Capability,Moderate Readiness/Capability,Moderate Readiness/Capability,Moderate Readiness/Capability,High Readiness/Capability,Low Readiness/Capability,Level 3: Defined/Standardized,Level 3: Defined/Standardized,Level 3: Defined/Standardized,Level 3: Defined/Standardized,Level 3: Defined/Standardized,Level 3: Defined/Standardized,Level 4: Managed/Quantitatively Managed,Level 3: Defined/Standardized,Level 2: Developing/Repeatable,None,complete,,,69c17630acada6abeead2da5,69c18a7e5c793b1623f3932f,prolific,https://app.prolific.com/submissions/complete?cc=CQ9PVTWX,,Unknown,0,,0,,0,,
2026-03-23,2026-03-23,IP Address,100,740,True,2026-03-23,ae09eabebc8aeff4e619b5f2701c82de,anonymous,,"CIO (e.g., Director of IT)",,I am one of several key decision-makers who collectively decide on technology adoption,"Professional, Scientific, and Technical Services",,100-499,For-Profit,$10M-$49M,<$10M,United States,International,Not a Barrier,Not a Barrier,Not a Barrier,Not a Barrier,Not a Barrier,Not a Barrier,Moderate Barrier,Not a Barrier,Moderate Barrier,Moderate Barrier,Not a Barrier,Not a Barrier,Not a Barrier,Minor Barrier,Minor Barrier,Not a Barrier,Not a Barrier,Minor Barrier,Major Barrier,,,,,,,Difficulty integrating new technologies with existing legacy systems.,,"Difficulty demonstrating clear value (e.g., mission impact, public value, cost-effectiveness) for new technology investments.",Lack of a clear strategy or roadmap for technology adoption.,,,,,,,,,High Readiness/Capability,Low Readiness/Capability,High Readiness/Capability,Very High Readiness/Capability,High Readiness/Capability,Very High Readiness/Capability,Very High Readiness/Capability,Moderate Readiness/Capability,Moderate Readiness/Capability,Moderate Readiness/Capability,Very High Readiness/Capability,Very High Readiness/Capability,High Readiness/Capability,Very High Readiness/Capability,Very High Readiness/Capability,Very High Readiness/Capability,Very High Readiness/Capability,Low Readiness/Capability,Level 4: Managed/Quantitatively Managed,Level 4: Managed/Quantitatively Managed,Level 4: Managed/Quantitatively Managed,Level 5: Optimizing/Innovating,Level 5: Optimizing/Innovating,Level 5: Optimizing/Innovating,Level 5: Optimizing/Innovating,Level 4: Managed/Quantitatively Managed,Level 2: Developing/Repeatable,"Integration with current platforms is our greatest concern, and the financial stress of revamping or upgrading internal systems. Our other concern is predicting the value from these changes.",complete,,,69c17630acada6abeead2da5,69c18a7d860f3862bbb64d8b,prolific,https://app.prolific.com/submissions/complete?cc=CQ9PVTWX,,Unknown,0,,0,,0,,
2026-03-23,2026-03-23,IP Address,100,415,True,2026-03-23,3e1b190ba16da8ffff634f2fcc053807,anonymous,,"COO (e.g., Deputy Director, Chief of Staff, Assistant Secretary for Administration)",,I am one of several key decision-makers who collectively decide on technology adoption,Transportation and Warehousing,,5000-9999,For-Profit,$1B+,$500M-$999M,United States,National,Not a Barrier,Moderate Barrier,Moderate Barrier,Significant Barrier,Significant Barrier,Significant Barrier,Major Barrier,Significant Barrier,Minor Barrier,Moderate Barrier,Minor Barrier,Minor Barrier,Minor Barrier,Minor Barrier,Moderate Barrier,Minor Barrier,Moderate Barrier,Minor Barrier,Major Barrier,,,,,,High cost associated with acquiring or implementing new technologies.,Difficulty integrating new technologies with existing legacy systems.,,,,,New technologies disrupting existing workflows or processes significantly.,,,,,,,Moderate Readiness/Capability,High Readiness/Capability,Moderate Readiness/Capability,Low Readiness/Capability,Moderate Readiness/Capability,Moderate Readiness/Capability,Moderate Readiness/Capability,High Readiness/Capability,Moderate Readiness/Capability,Low Readiness/Capability,Moderate Readiness/Capability,Moderate Readiness/Capability,High Readiness/Capability,Low Readiness/Capability,Moderate Readiness/Capability,Moderate Readiness/Capability,Moderate Readiness/Capability,Low Readiness/Capability,Level 4: Managed/Quantitatively Managed,Level 4: Managed/Quantitatively Managed,Level 3: Defined/Standardized,Level 3: Defined/Standardized,Level 4: Managed/Quantitatively Managed,Level 3: Defined/Standardized,Level 4: Managed/Quantitatively Managed,Level 3: Defined/Standardized,Level 2: Developing/Repeatable,,complete,,,69c17630acada6abeead2da5,69c18d12443c9249f65eb6da,prolific,https://app.prolific.com/submissions/complete?cc=CQ9PVTWX,,,0,,0,,0.07142857142857142,QID225,
2026-03-23,2026-03-23,IP Address,100,1020,True,2026-03-23,6069a230dfcd42405cd1bed04327d41f,anonymous,,"CIO (e.g., Director of IT)",,I am one of several key decision-makers who collectively decide on technology adoption,Public Education (K-12/Higher Ed),,100-499,Government/Public Sector,$10M-$49M,<$10M,United States,Regional,Moderate Barrier,Minor Barrier,Minor Barrier,Significant Barrier,Moderate Barrier,Significant Barrier,Significant Barrier,Moderate Barrier,Moderate Barrier,Minor Barrier,Minor Barrier,Moderate Barrier,Significant Barrier,Significant Barrier,Minor Barrier,Moderate Barrier,Moderate Barrier,Minor Barrier,Major Barrier,,,,Insufficient skills or expertise within the workforce to utilize new technologies effectively.,,High cost associated with acquiring or implementing new technologies.,Difficulty integrating new technologies with existing legacy systems.,,,,,,,,,,,,High Readiness/Capability,High Readiness/Capability,Moderate Readiness/Capability,Moderate Readiness/Capability,Moderate Readiness/Capability,Low Readiness/Capability,Low Readiness/Capability,Moderate Readiness/Capability,Low Readiness/Capability,Low Readiness/Capability,High Readiness/Capability,Moderate Readiness/Capability,Low Readiness/Capability,Low Readiness/Capability,Moderate Readiness/Capability,Moderate Readiness/Capability,Low Readiness/Capability,Low Readiness/Capability,Level 3: Defined/Standardized,Level 2: Developing/Repeatable,Level 3: Defined/Standardized,Level 2: Developing/Repeatable,Level 3: Defined/Standardized,Level 3: Defined/Standardized,Level 2: Developing/Repeatable,Level 3: Defined/Standardized,Level 2: Developing/Repeatable,"One area I felt wasn't fully captured is the challenge of sector transition knowledge gaps. Specifically, when IT leaders move from highly regulated environments like healthcare into education there's a significant adjustment period where existing frameworks don't map cleanly onto the new context. HIPAA expertise doesn't automatically translate to FERPA fluency and the governance structures are quite different. I would also add that vendor ecosystems for small public tech schools are underserved. Enterprise vendors build for large universities or K-12 districts. Institutions our size often fall through the cracks, getting solutions that are either overbuilt and overpriced or too limited to meet our needs. ",complete,,,69c17630acada6abeead2da5,69c18a0b4179ffc876a488f4,prolific,https://app.prolific.com/submissions/complete?cc=CQ9PVTWX,,Unknown,0,,0,,0,,
2026-03-23,2026-03-23,IP Address,100,395,True,2026-03-23,c1a03e3fa50c62a5c1a6a901fbd93e32,anonymous,,"CFO (e.g., Director of Finance, Budget Director, Comptroller)",,I am one of several key decision-makers who collectively decide on technology adoption,Manufacturing,,1000-4999,For-Profit,$500M-$999M,$100M-$499M,United States,International,Moderate Barrier,Moderate Barrier,Minor Barrier,Moderate Barrier,Minor Barrier,Significant Barrier,Significant Barrier,Significant Barrier,Moderate Barrier,Significant Barrier,Moderate Barrier,Significant Barrier,Major Barrier,Major Barrier,Moderate Barrier,Significant Barrier,Significant Barrier,Moderate Barrier,Major Barrier,,,,,,,,"Inadequate IT infrastructure (e.g., network, storage, computing power) to support new technologies.",,,,,Concerns about cybersecurity risks associated with new technologies.,Concerns about data privacy compliance related to new technologies.,,,,,Moderate Readiness/Capability,High Readiness/Capability,Moderate Readiness/Capability,High Readiness/Capability,High Readiness/Capability,Moderate Readiness/Capability,High Readiness/Capability,Moderate Readiness/Capability,Low Readiness/Capability,Moderate Readiness/Capability,High Readiness/Capability,Moderate Readiness/Capability,High Readiness/Capability,High Readiness/Capability,High Readiness/Capability,Moderate Readiness/Capability,Moderate Readiness/Capability,Low Readiness/Capability,Level 4: Managed/Quantitatively Managed,Level 4: Managed/Quantitatively Managed,Level 4: Managed/Quantitatively Managed,Level 4: Managed/Quantitatively Managed,Level 4: Managed/Quantitatively Managed,Level 4: Managed/Quantitatively Managed,Level 3: Defined/Standardized,Level 3: Defined/Standardized,Level 2: Developing/Repeatable,No,complete,,,69c17630acada6abeead2da5,69c18eadaae60d1aa354a762,prolific,https://app.prolific.com/submissions/complete?cc=CQ9PVTWX,,Unknown,0,,0,,0,,
2026-03-23,2026-03-23,IP Address,100,3093,True,2026-03-23,c56946f5b32eed2ae4516be358289fce,anonymous,,"CSO (e.g., Director of Strategic Planning, Policy Director, Chief Strategy Officer)",,I am one of several key decision-makers who collectively decide on technology adoption,Transportation and Warehousing,,500-999,For-Profit,$500M-$999M,$1B+,United States,Regional,Minor Barrier,Minor Barrier,Not a Barrier,Moderate Barrier,Major Barrier,Significant Barrier,Moderate Barrier,Not a Barrier,Moderate Barrier,Moderate Barrier,Minor Barrier,Minor Barrier,Major Barrier,Major Barrier,Moderate Barrier,Minor Barrier,Moderate Barrier,Minor Barrier,,Resistance to change among employees or middle management.,,,,,High cost associated with acquiring or implementing new technologies.,,,,,,,,Concerns about data privacy compliance related to new technologies.,,,,,Moderate Readiness/Capability,High Readiness/Capability,Moderate Readiness/Capability,Low Readiness/Capability,High Readiness/Capability,High Readiness/Capability,High Readiness/Capability,Moderate Readiness/Capability,Very High Readiness/Capability,Moderate Readiness/Capability,High Readiness/Capability,Very High Readiness/Capability,High Readiness/Capability,High Readiness/Capability,Moderate Readiness/Capability,High Readiness/Capability,Moderate Readiness/Capability,Low Readiness/Capability,Level 3: Defined/Standardized,Level 3: Defined/Standardized,Level 4: Managed/Quantitatively Managed,Level 4: Managed/Quantitatively Managed,Level 5: Optimizing/Innovating,Level 4: Managed/Quantitatively Managed,Level 4: Managed/Quantitatively Managed,Level 5: Optimizing/Innovating,Level 2: Developing/Repeatable,Everything seems to be covered as far as I can recall,complete,,,69c17630acada6abeead2da5,69c184fba79333f0a2da12b4,prolific,https://app.prolific.com/submissions/complete?cc=CQ9PVTWX,,Unknown,0,,0,,0,,
2026-03-23,2026-03-23,IP Address,100,376,True,2026-03-23,efe6ddba67aa0679deb98fe26df8ec54,anonymous,,"CISO (e.g., Director of Cybersecurity, Chief Security Officer)",,I am one of several key decision-makers who collectively decide on technology adoption,Utilities,,10000+,For-Profit,$1B+,$50M-$99M,United States,National,Major Barrier,Significant Barrier,Not a Barrier,Minor Barrier,Significant Barrier,Major Barrier,Moderate Barrier,Major Barrier,Significant Barrier,Significant Barrier,,Significant Barrier,Major Barrier,Major Barrier,Moderate Barrier,Significant Barrier,Significant Barrier,Major Barrier,Significant Barrier,,,,,,High cost associated with acquiring or implementing new technologies.,,,,,,,,,,Uncertainty or complexity related to regulatory requirements.,,Difficulty finding reliable technology vendors or partners.,High Readiness/Capability,High Readiness/Capability,Moderate Readiness/Capability,Moderate Readiness/Capability,Very High Readiness/Capability,High Readiness/Capability,High Readiness/Capability,Low Readiness/Capability,Moderate Readiness/Capability,Moderate Readiness/Capability,Very High Readiness/Capability,Moderate Readiness/Capability,High Readiness/Capability,Very High Readiness/Capability,High Readiness/Capability,Very High Readiness/Capability,Very High Readiness/Capability,Low Readiness/Capability,Level 3: Defined/Standardized,Level 4: Managed/Quantitatively Managed,Level 3: Defined/Standardized,Level 5: Optimizing/Innovating,Level 4: Managed/Quantitatively Managed,Level 4: Managed/Quantitatively Managed,Level 4: Managed/Quantitatively Managed,Level 4: Managed/Quantitatively Managed,Level 2: Developing/Repeatable,"No, I feel most concerns of myself and others have been address adequately in this study. I hope this study helps gain insight for other organization's as well ",complete,,,69c17630acada6abeead2da5,69c1906f76fefeeaf90b5d8c,prolific,https://app.prolific.com/submissions/complete?cc=CQ9PVTWX,,Unknown,0,,0,,0,,
2026-03-23,2026-03-23,IP Address,100,1607,True,2026-03-23,cf1c80a4e161457ac9ce4eff0ac4e126,anonymous,,"CMO (e.g., Director of Communications, Public Affairs Officer, Chief Marketing & Communications Officer)",,I am one of several key decision-makers who collectively decide on technology adoption,Non-Profit Organization (Non-Governmental),,100-499,Non-Profit,$50M-$99M,<$10M,United States,Local,Major Barrier,Major Barrier,Major Barrier,Significant Barrier,Moderate Barrier,Major Barrier,Significant Barrier,Significant Barrier,Minor Barrier,Significant Barrier,Moderate Barrier,Moderate Barrier,Minor Barrier,Minor Barrier,Moderate Barrier,Not a Barrier,Not a Barrier,Minor Barrier,Major Barrier,,"Lack of support or clear vision from top leadership (including the board, e.g., governing body, oversight committee).",Organizational culture that discourages risk-taking or experimentation with new technologies.,Insufficient skills or expertise within the workforce to utilize new technologies effectively.,,,,,,,,,,,,,,,Very Low Readiness/Capability,Very Low Readiness/Capability,Low Readiness/Capability,Moderate Readiness/Capability,Low Readiness/Capability,Very Low Readiness/Capability,Low Readiness/Capability,Very Low Readiness/Capability,Low Readiness/Capability,Low Readiness/Capability,Low Readiness/Capability,Low Readiness/Capability,Very Low Readiness/Capability,Moderate Readiness/Capability,Low Readiness/Capability,Low Readiness/Capability,Moderate Readiness/Capability,Low Readiness/Capability,Level 1: Initial/Ad Hoc,Level 1: Initial/Ad Hoc,Level 2: Developing/Repeatable,Level 1: Initial/Ad Hoc,Level 3: Defined/Standardized,Level 1: Initial/Ad Hoc,Level 1: Initial/Ad Hoc,Level 1: Initial/Ad Hoc,Level 2: Developing/Repeatable,"From my experience, you've covered all the bases. What I've seen overall = organizations that have only been reactive with a narrow short-term pov and an unwillingness to invest in proactive, long-term solutions that can truly adapt and scale as technologies advance are set up to fail more than ever. The baseline infrastructure simply isn't there.",complete,,,69c17630acada6abeead2da5,69c18bf777f343b598d5422a,prolific,https://app.prolific.com/submissions/complete?cc=CQ9PVTWX,,Unknown,0,,0,,0,,
2026-03-23,2026-03-23,IP Address,100,1923,True,2026-03-23,16f9d63ba838614d9ad31eab92dce63f,anonymous,,"CSO (e.g., Director of Strategic Planning, Policy Director, Chief Strategy Officer)",,I am one of several key decision-makers who collectively decide on technology adoption,Manufacturing,,1000-4999,For-Profit,$100M-$499M,$100M-$499M,International,International,Major Barrier,Moderate Barrier,Not a Barrier,Moderate Barrier,Moderate Barrier,Moderate Barrier,Minor Barrier,Moderate Barrier,Minor Barrier,Moderate Barrier,Minor Barrier,Not a Barrier,Minor Barrier,Minor Barrier,Moderate Barrier,Major Barrier,Significant Barrier,Minor Barrier,Major Barrier,Resistance to change among employees or middle management.,,,,,,,,,,,New technologies disrupting existing workflows or processes significantly.,,,,Uncertainty or complexity related to regulatory requirements.,,,High Readiness/Capability,Low Readiness/Capability,Low Readiness/Capability,Moderate Readiness/Capability,Moderate Readiness/Capability,Moderate Readiness/Capability,Moderate Readiness/Capability,Low Readiness/Capability,Moderate Readiness/Capability,Moderate Readiness/Capability,High Readiness/Capability,Low Readiness/Capability,Moderate Readiness/Capability,Low Readiness/Capability,Moderate Readiness/Capability,Low Readiness/Capability,High Readiness/Capability,Low Readiness/Capability,Level 3: Defined/Standardized,Level 3: Defined/Standardized,Level 2: Developing/Repeatable,Level 2: Developing/Repeatable,Level 3: Defined/Standardized,Level 2: Developing/Repeatable,Level 3: Defined/Standardized,Level 2: Developing/Repeatable,Level 2: Developing/Repeatable,"This was hinted at, but our current state involves a lot of mergers and acquisitions, which are dominating attention overall.",complete,,,69c17630acada6abeead2da5,69c18bbcfbc59c53a745a0cb,prolific,https://app.prolific.com/submissions/complete?cc=CQ9PVTWX,,Unknown,0,,0,,0,,
2026-03-23,2026-03-23,IP Address,100,600,True,2026-03-23,f3efd2fcdf6c88fd7c345b3b37c28b72,anonymous,,"CIO (e.g., Director of IT)",,I am one of several key decision-makers who collectively decide on technology adoption,Construction,,100-499,For-Profit,$50M-$99M,<$10M,United States,Regional,Significant Barrier,Minor Barrier,Not a Barrier,Moderate Barrier,Moderate Barrier,Major Barrier,Moderate Barrier,Moderate Barrier,Minor Barrier,Minor Barrier,Moderate Barrier,Minor Barrier,Moderate Barrier,Moderate Barrier,Moderate Barrier,Minor Barrier,Not a Barrier,Minor Barrier,Major Barrier,Resistance to change among employees or middle management.,,,,,High cost associated with acquiring or implementing new technologies.,,,,,,,Concerns about cybersecurity risks associated with new technologies.,,,,,,High Readiness/Capability,High Readiness/Capability,Moderate Readiness/Capability,Moderate Readiness/Capability,Very High Readiness/Capability,Moderate Readiness/Capability,Moderate Readiness/Capability,High Readiness/Capability,Moderate Readiness/Capability,High Readiness/Capability,High Readiness/Capability,Moderate Readiness/Capability,High Readiness/Capability,Moderate Readiness/Capability,High Readiness/Capability,Moderate Readiness/Capability,Low Readiness/Capability,Low Readiness/Capability,Level 2: Developing/Repeatable,Level 3: Defined/Standardized,Level 4: Managed/Quantitatively Managed,Level 4: Managed/Quantitatively Managed,Level 3: Defined/Standardized,Level 3: Defined/Standardized,Level 3: Defined/Standardized,Level 3: Defined/Standardized,Level 2: Developing/Repeatable,,complete,,,69c17630acada6abeead2da5,69c190f23bca1c2b2b91731c,prolific,https://app.prolific.com/submissions/complete?cc=CQ9PVTWX,,,0,,0,,0.07142857142857142,QID225,
2026-03-23,2026-03-23,IP Address,100,720,True,2026-03-23,d1c0cb16a359192872566d83f1197f3e,anonymous,,"COO (e.g., Deputy Director, Chief of Staff, Assistant Secretary for Administration)",,I am one of several key decision-makers who collectively decide on technology adoption,"Arts, Entertainment, and Recreation",,<100,For-Profit,$10M-$49M,<$10M,United States,National,Not a Barrier,Not a Barrier,Not a Barrier,Not a Barrier,Minor Barrier,Moderate Barrier,Moderate Barrier,Minor Barrier,Moderate Barrier,Moderate Barrier,Minor Barrier,Minor Barrier,Not a Barrier,Minor Barrier,Moderate Barrier,Not a Barrier,Minor Barrier,Not a Barrier,Major Barrier,,,,,,High cost associated with acquiring or implementing new technologies.,,,,Lack of a clear strategy or roadmap for technology adoption.,,New technologies disrupting existing workflows or processes significantly.,,,,,,,High Readiness/Capability,High Readiness/Capability,Low Readiness/Capability,Very High Readiness/Capability,Very High Readiness/Capability,Very High Readiness/Capability,Very Low Readiness/Capability,High Readiness/Capability,Moderate Readiness/Capability,Moderate Readiness/Capability,Low Readiness/Capability,Low Readiness/Capability,Moderate Readiness/Capability,High Readiness/Capability,High Readiness/Capability,Moderate Readiness/Capability,High Readiness/Capability,Low Readiness/Capability,Level 3: Defined/Standardized,Level 4: Managed/Quantitatively Managed,Level 3: Defined/Standardized,Level 2: Developing/Repeatable,Level 2: Developing/Repeatable,Level 3: Defined/Standardized,Level 5: Optimizing/Innovating,Level 5: Optimizing/Innovating,Level 2: Developing/Repeatable,"Are there any other significant barriers, readiness factors, or aspects of organizational maturity related to technology adoption that you believe were not adequately covered in this survey? Please elaborate.",complete,,,69c17630acada6abeead2da5,69c190881568049266dbcb98,prolific,https://app.prolific.com/submissions/complete?cc=CQ9PVTWX,,Unknown,0,,0,,0,,
2026-03-23,2026-03-23,IP Address,100,827,True,2026-03-23,2448b12a688f40cbf407dec03104e01a,anonymous,,"COO (e.g., Deputy Director, Chief of Staff, Assistant Secretary for Administration)",,"I provide significant input and recommendations, but final decisions are made by others","Agriculture, Forestry, Fishing and Hunting",,100-499,For-Profit,$10M-$49M,<$10M,United States,Regional,Major Barrier,Major Barrier,Major Barrier,Major Barrier,Significant Barrier,Major Barrier,Major Barrier,Major Barrier,Significant Barrier,Significant Barrier,Minor Barrier,Major Barrier,Significant Barrier,Moderate Barrier,Significant Barrier,Significant Barrier,Moderate Barrier,Minor Barrier,Major Barrier,,"Lack of support or clear vision from top leadership (including the board, e.g., governing body, oversight committee).",,,,,Difficulty integrating new technologies with existing legacy systems.,,"Difficulty demonstrating clear value (e.g., mission impact, public value, cost-effectiveness) for new technology investments.",,,,,,,,,,Low Readiness/Capability,Moderate Readiness/Capability,Low Readiness/Capability,Low Readiness/Capability,Moderate Readiness/Capability,Low Readiness/Capability,Very Low Readiness/Capability,Low Readiness/Capability,Very Low Readiness/Capability,Very Low Readiness/Capability,Very Low Readiness/Capability,Low Readiness/Capability,Low Readiness/Capability,Very Low Readiness/Capability,Moderate Readiness/Capability,Moderate Readiness/Capability,Low Readiness/Capability,Low Readiness/Capability,Level 4: Managed/Quantitatively Managed,Level 2: Developing/Repeatable,Level 3: Defined/Standardized,Level 3: Defined/Standardized,Level 2: Developing/Repeatable,Level 1: Initial/Ad Hoc,Level 3: Defined/Standardized,Level 4: Managed/Quantitatively Managed,Level 2: Developing/Repeatable,I think everything that I can think of was covered.,complete,,,69c17630acada6abeead2da5,69c190de1944e6b498953c97,prolific,https://app.prolific.com/submissions/complete?cc=CQ9PVTWX,,Unknown,0,,0,,0,,
2026-03-23,2026-03-23,IP Address,100,745,True,2026-03-23,462630537eec85203023931ffb5bb2d5,anonymous,,"COO (e.g., Deputy Director, Chief of Staff, Assistant Secretary for Administration)",,I am one of several key decision-makers who collectively decide on technology adoption,Local Government (City/County/Municipality),,<100,Government/Public Sector,$10M-$49M,$10M-$49M,United States,Local,Not a Barrier,Not a Barrier,Not a Barrier,Not a Barrier,Not a Barrier,Minor Barrier,Significant Barrier,Moderate Barrier,Minor Barrier,Not a Barrier,Minor Barrier,Minor Barrier,Major Barrier,Significant Barrier,Not a Barrier,Moderate Barrier,Major Barrier,Minor Barrier,Major Barrier,,,,,,,Difficulty integrating new technologies with existing legacy systems.,,,,,New technologies disrupting existing workflows or processes significantly.,Concerns about cybersecurity risks associated with new technologies.,,,,,,Very High Readiness/Capability,High Readiness/Capability,Moderate Readiness/Capability,Low Readiness/Capability,Very High Readiness/Capability,Very High Readiness/Capability,Very High Readiness/Capability,Low Readiness/Capability,Moderate Readiness/Capability,Moderate Readiness/Capability,Very High Readiness/Capability,High Readiness/Capability,High Readiness/Capability,High Readiness/Capability,Low Readiness/Capability,Very High Readiness/Capability,High Readiness/Capability,Low Readiness/Capability,Level 5: Optimizing/Innovating,Level 5: Optimizing/Innovating,Level 5: Optimizing/Innovating,Level 4: Managed/Quantitatively Managed,Level 5: Optimizing/Innovating,Level 4: Managed/Quantitatively Managed,Level 5: Optimizing/Innovating,Level 5: Optimizing/Innovating,Level 2: Developing/Repeatable,,complete,,,69c17630acada6abeead2da5,69c1948d867888eec6fe7249,prolific,https://app.prolific.com/submissions/complete?cc=CQ9PVTWX,,,0,,0,,0.07142857142857142,QID225,
2026-03-23,2026-03-23,IP Address,100,591,True,2026-03-23,a7b35a58f1668abfe239e5872d67c72c,anonymous,,"CFO (e.g., Director of Finance, Budget Director, Comptroller)",,I am the primary decision-maker for technology adoption in my area of responsibility,Public Education (K-12/Higher Ed),,1000-4999,Government/Public Sector,$500M-$999M,$10M-$49M,United States,Local,Minor Barrier,Not a Barrier,Minor Barrier,Minor Barrier,Minor Barrier,Moderate Barrier,Moderate Barrier,Not a Barrier,Not a Barrier,Not a Barrier,Minor Barrier,Minor Barrier,Moderate Barrier,Minor Barrier,Minor Barrier,Not a Barrier,Minor Barrier,Not a Barrier,Major Barrier,,,,,,High cost associated with acquiring or implementing new technologies.,Difficulty integrating new technologies with existing legacy systems.,,,,,,Concerns about cybersecurity risks associated with new technologies.,,,,,,Moderate Readiness/Capability,Moderate Readiness/Capability,High Readiness/Capability,Moderate Readiness/Capability,Moderate Readiness/Capability,Low Readiness/Capability,Moderate Readiness/Capability,Moderate Readiness/Capability,High Readiness/Capability,Low Readiness/Capability,Moderate Readiness/Capability,Moderate Readiness/Capability,Moderate Readiness/Capability,High Readiness/Capability,High Readiness/Capability,Low Readiness/Capability,Moderate Readiness/Capability,Low Readiness/Capability,Level 4: Managed/Quantitatively Managed,Level 4: Managed/Quantitatively Managed,Level 4: Managed/Quantitatively Managed,Level 4: Managed/Quantitatively Managed,Level 4: Managed/Quantitatively Managed,Level 4: Managed/Quantitatively Managed,Level 3: Defined/Standardized,Level 3: Defined/Standardized,Level 2: Developing/Repeatable,"The only area I would add is the significant importance that effective communication that is tailored to the various stakeholder groups plays.  I cannot overstate the value of communicating with each stakeholder group the information that is relevant to said group, along with progress reports tied back to return on investment.  ",complete,,,69c17630acada6abeead2da5,69c195414c810f92c6de75b2,prolific,https://app.prolific.com/submissions/complete?cc=CQ9PVTWX,,Unknown,0,,0,,0,,
2026-03-23,2026-03-23,IP Address,100,994,True,2026-03-23,b624e5ead0e6f62cf96556347ffac1c4,anonymous,,"CIO (e.g., Director of IT)",,I am one of several key decision-makers who collectively decide on technology adoption,Construction,,1000-4999,For-Profit,<$10M,<$10M,United States,Regional,Minor Barrier,Not a Barrier,Not a Barrier,Significant Barrier,Moderate Barrier,Major Barrier,Significant Barrier,Significant Barrier,Not a Barrier,Minor Barrier,Not a Barrier,Major Barrier,Significant Barrier,Moderate Barrier,Minor Barrier,Minor Barrier,Moderate Barrier,Minor Barrier,Major Barrier,,,,,,High cost associated with acquiring or implementing new technologies.,Difficulty integrating new technologies with existing legacy systems.,,,,,New technologies disrupting existing workflows or processes significantly.,,,,,,,High Readiness/Capability,Moderate Readiness/Capability,Moderate Readiness/Capability,Moderate Readiness/Capability,Moderate Readiness/Capability,Very High Readiness/Capability,High Readiness/Capability,High Readiness/Capability,Moderate Readiness/Capability,Moderate Readiness/Capability,Very High Readiness/Capability,High Readiness/Capability,Moderate Readiness/Capability,High Readiness/Capability,Moderate Readiness/Capability,Moderate Readiness/Capability,Moderate Readiness/Capability,Low Readiness/Capability,Level 3: Defined/Standardized,Level 2: Developing/Repeatable,Level 3: Defined/Standardized,Level 3: Defined/Standardized,Level 4: Managed/Quantitatively Managed,Level 4: Managed/Quantitatively Managed,Level 4: Managed/Quantitatively Managed,Level 2: Developing/Repeatable,Level 2: Developing/Repeatable,Nothing to add at this time.,complete,,,69c17630acada6abeead2da5,69c193f915fe9deecc45b92c,prolific,https://app.prolific.com/submissions/complete?cc=CQ9PVTWX,,Unknown,0,,0,,0,,
2026-03-23,2026-03-23,IP Address,100,564,True,2026-03-23,2911e88a1ef110521bd865cd29ce2c6f,anonymous,,"CIO (e.g., Director of IT)",,I am one of several key decision-makers who collectively decide on technology adoption,Retail Trade,,500-999,For-Profit,$500M-$999M,$10M-$49M,International,International,Major Barrier,Moderate Barrier,Moderate Barrier,Moderate Barrier,Moderate Barrier,Moderate Barrier,Minor Barrier,Not a Barrier,Minor Barrier,Significant Barrier,Significant Barrier,Moderate Barrier,Significant Barrier,Minor Barrier,Minor Barrier,Minor Barrier,Significant Barrier,Minor Barrier,Major Barrier,Resistance to change among employees or middle management.,,,,,,,,,Lack of a clear strategy or roadmap for technology adoption.,Insufficient governance processes for selecting and managing new technologies.,,,,,,,,Moderate Readiness/Capability,Low Readiness/Capability,Moderate Readiness/Capability,Very Low Readiness/Capability,High Readiness/Capability,High Readiness/Capability,Low Readiness/Capability,Moderate Readiness/Capability,High Readiness/Capability,Moderate Readiness/Capability,Moderate Readiness/Capability,High Readiness/Capability,High Readiness/Capability,Moderate Readiness/Capability,Moderate Readiness/Capability,Moderate Readiness/Capability,Low Readiness/Capability,Low Readiness/Capability,Level 2: Developing/Repeatable,Level 2: Developing/Repeatable,Level 2: Developing/Repeatable,Level 3: Defined/Standardized,Level 4: Managed/Quantitatively Managed,Level 1: Initial/Ad Hoc,Level 3: Defined/Standardized,Level 2: Developing/Repeatable,Level 2: Developing/Repeatable,,complete,,,69c17630acada6abeead2da5,69c195f5700423f0cac5d259,prolific,https://app.prolific.com/submissions/complete?cc=CQ9PVTWX,,,0,,0,,0.07142857142857142,QID225,
2026-03-23,2026-03-23,IP Address,100,460,True,2026-03-23,fd67aeb71a0bd77e8af513066aa8e2cd,anonymous,,"CTO (e.g., Director of Technology/Innovation, Chief Scientist)",,I am the primary decision-maker for technology adoption in my area of responsibility,"Professional, Scientific, and Technical Services",,500-999,For-Profit,$50M-$99M,<$10M,United States,National,Significant Barrier,Minor Barrier,Moderate Barrier,Significant Barrier,Significant Barrier,Significant Barrier,Major Barrier,Minor Barrier,Moderate Barrier,Minor Barrier,Minor Barrier,Moderate Barrier,Significant Barrier,Moderate Barrier,Moderate Barrier,Moderate Barrier,Minor Barrier,Moderate Barrier,Major Barrier,,,,Insufficient skills or expertise within the workforce to utilize new technologies effectively.,,High cost associated with acquiring or implementing new technologies.,Difficulty integrating new technologies with existing legacy systems.,,,,,,,,,,,,High Readiness/Capability,High Readiness/Capability,High Readiness/Capability,Moderate Readiness/Capability,Moderate Readiness/Capability,Moderate Readiness/Capability,Moderate Readiness/Capability,Moderate Readiness/Capability,High Readiness/Capability,Low Readiness/Capability,High Readiness/Capability,Moderate Readiness/Capability,Moderate Readiness/Capability,Moderate Readiness/Capability,Moderate Readiness/Capability,High Readiness/Capability,High Readiness/Capability,Low Readiness/Capability,Level 4: Managed/Quantitatively Managed,Level 3: Defined/Standardized,Level 3: Defined/Standardized,Level 3: Defined/Standardized,Level 4: Managed/Quantitatively Managed,Level 4: Managed/Quantitatively Managed,Level 3: Defined/Standardized,Level 3: Defined/Standardized,Level 2: Developing/Repeatable,how fast people make decisions and work together across teams can really slow down or help new tech get used,complete,,,69c17630acada6abeead2da5,69c196ea3f09926a0144b167,prolific,https://app.prolific.com/submissions/complete?cc=CQ9PVTWX,,Unknown,0,,0,,0,,
2026-03-23,2026-03-23,IP Address,100,482,True,2026-03-23,5ab1d149deb61f2b79d5461f009686bf,anonymous,,Other (please specify),Project Manager,"I provide significant input and recommendations, but final decisions are made by others",Finance and Insurance,,1000-4999,For-Profit,$100M-$499M,<$10M,United States,Regional,Significant Barrier,Moderate Barrier,Major Barrier,Significant Barrier,Minor Barrier,Significant Barrier,Moderate Barrier,Minor Barrier,Moderate Barrier,Minor Barrier,Minor Barrier,Moderate Barrier,Significant Barrier,Major Barrier,Significant Barrier,Minor Barrier,Minor Barrier,Minor Barrier,Major Barrier,,,,Insufficient skills or expertise within the workforce to utilize new technologies effectively.,,,,,,,,,,Concerns about data privacy compliance related to new technologies.,,Uncertainty or complexity related to regulatory requirements.,,,Moderate Readiness/Capability,Moderate Readiness/Capability,Low Readiness/Capability,Very Low Readiness/Capability,Moderate Readiness/Capability,Low Readiness/Capability,Moderate Readiness/Capability,Moderate Readiness/Capability,Low Readiness/Capability,Low Readiness/Capability,Low Readiness/Capability,Moderate Readiness/Capability,Low Readiness/Capability,Low Readiness/Capability,Moderate Readiness/Capability,Low Readiness/Capability,Moderate Readiness/Capability,Low Readiness/Capability,Level 3: Defined/Standardized,Level 2: Developing/Repeatable,Level 3: Defined/Standardized,Level 3: Defined/Standardized,Level 4: Managed/Quantitatively Managed,Level 3: Defined/Standardized,Level 2: Developing/Repeatable,Level 2: Developing/Repeatable,Level 2: Developing/Repeatable,"Banking is a highly regulated industry. For example, we have many barriers to implementing AI. This slows down our tech implementations. ",complete,,,69c17630acada6abeead2da5,69c1981e38fb54793dcca11c,prolific,https://app.prolific.com/submissions/complete?cc=CQ9PVTWX,,Unknown,0,,0,,0,,
2026-03-23,2026-03-23,IP Address,100,2535,True,2026-03-23,21c01fcd79db02fc22a2e0f0723c6dfc,anonymous,,"CTO (e.g., Director of Technology/Innovation, Chief Scientist)",,I am one of several key decision-makers who collectively decide on technology adoption,Information,,<100,For-Profit,<$10M,<$10M,United States,National,Minor Barrier,Not a Barrier,Not a Barrier,Not a Barrier,Moderate Barrier,Minor Barrier,Minor Barrier,Not a Barrier,Not a Barrier,Not a Barrier,Not a Barrier,Not a Barrier,Major Barrier,Major Barrier,Significant Barrier,Minor Barrier,Not a Barrier,Moderate Barrier,Major Barrier,,,,,,,,,,,,,Concerns about cybersecurity risks associated with new technologies.,Concerns about data privacy compliance related to new technologies.,Lack of trust in the reliability or performance of new technologies or vendors.,,,,Moderate Readiness/Capability,Very High Readiness/Capability,High Readiness/Capability,Moderate Readiness/Capability,Low Readiness/Capability,Very High Readiness/Capability,Very Low Readiness/Capability,Low Readiness/Capability,High Readiness/Capability,Moderate Readiness/Capability,Moderate Readiness/Capability,Moderate Readiness/Capability,Moderate Readiness/Capability,High Readiness/Capability,Moderate Readiness/Capability,High Readiness/Capability,Moderate Readiness/Capability,Very Low Readiness/Capability,Level 4: Managed/Quantitatively Managed,Level 2: Developing/Repeatable,Level 3: Defined/Standardized,Level 2: Developing/Repeatable,Level 5: Optimizing/Innovating,Level 3: Defined/Standardized,Level 2: Developing/Repeatable,Level 1: Initial/Ad Hoc,Level 2: Developing/Repeatable,Have a good enough understanding of basic process cesses to know what areas any change will affect.,complete,,,69c17630acada6abeead2da5,69c190f96557572a76fff7ed,prolific,https://app.prolific.com/submissions/complete?cc=CQ9PVTWX,,Unknown,0,,0,,0,,
2026-03-23,2026-03-23,IP Address,100,956,True,2026-03-23,fb22f9bec8148436441961a2dc06f076,anonymous,,"CTO (e.g., Director of Technology/Innovation, Chief Scientist)",,I am the primary decision-maker for technology adoption in my area of responsibility,Manufacturing,,500-999,For-Profit,<$10M,<$10M,United States,International,Major Barrier,Major Barrier,Moderate Barrier,Major Barrier,Major Barrier,Major Barrier,Major Barrier,Major Barrier,Major Barrier,Significant Barrier,Major Barrier,Major Barrier,Major Barrier,Major Barrier,Major Barrier,Minor Barrier,Major Barrier,Major Barrier,Major Barrier,,,Organizational culture that discourages risk-taking or experimentation with new technologies.,,,,,,,,,New technologies disrupting existing workflows or processes significantly.,,,,,"Pressure to adopt technology due to external factors (e.g., mandates, public expectations, peer agency actions), without adequate internal readiness.",,High Readiness/Capability,High Readiness/Capability,Very High Readiness/Capability,Very High Readiness/Capability,Very High Readiness/Capability,High Readiness/Capability,High Readiness/Capability,Very High Readiness/Capability,High Readiness/Capability,High Readiness/Capability,Very High Readiness/Capability,Very High Readiness/Capability,Very High Readiness/Capability,Very High Readiness/Capability,Very High Readiness/Capability,Very High Readiness/Capability,Very High Readiness/Capability,High Readiness/Capability,Level 3: Defined/Standardized,Level 2: Developing/Repeatable,Level 3: Defined/Standardized,Level 3: Defined/Standardized,Level 3: Defined/Standardized,Level 3: Defined/Standardized,Level 3: Defined/Standardized,Level 2: Developing/Repeatable,Level 2: Developing/Repeatable,,complete,,,69c17630acada6abeead2da5,69c198b41179305bec7f9288,prolific,https://app.prolific.com/submissions/complete?cc=CQ9PVTWX,,,0,,0,,0.07142857142857142,QID225,
2026-03-23,2026-03-23,IP Address,100,2154,True,2026-03-23,2e6bd09d5859f240396a6a5132ebd7e3,anonymous,,"CIO (e.g., Director of IT)",,I am the primary decision-maker for technology adoption in my area of responsibility,Manufacturing,,1000-4999,For-Profit,$1B+,$1B+,United States,National,Not a Barrier,Not a Barrier,Minor Barrier,Not a Barrier,Not a Barrier,Not a Barrier,Not a Barrier,Not a Barrier,Not a Barrier,Not a Barrier,Not a Barrier,Not a Barrier,Minor Barrier,Not a Barrier,Not a Barrier,Not a Barrier,Minor Barrier,Minor Barrier,Not a Barrier,,,Organizational culture that discourages risk-taking or experimentation with new technologies.,,,,,,,,,,Concerns about cybersecurity risks associated with new technologies.,,Lack of trust in the reliability or performance of new technologies or vendors.,,,,Very High Readiness/Capability,High Readiness/Capability,Very High Readiness/Capability,High Readiness/Capability,High Readiness/Capability,Very High Readiness/Capability,Very High Readiness/Capability,High Readiness/Capability,Very High Readiness/Capability,Very High Readiness/Capability,Very High Readiness/Capability,Very High Readiness/Capability,High Readiness/Capability,Very High Readiness/Capability,Very High Readiness/Capability,Moderate Readiness/Capability,Very High Readiness/Capability,Low Readiness/Capability,Level 5: Optimizing/Innovating,Level 5: Optimizing/Innovating,Level 4: Managed/Quantitatively Managed,Level 5: Optimizing/Innovating,Level 5: Optimizing/Innovating,Level 4: Managed/Quantitatively Managed,Level 5: Optimizing/Innovating,Level 4: Managed/Quantitatively Managed,Level 2: Developing/Repeatable,,complete,,,69c17630acada6abeead2da5,69c1917def1adf18181e42fd,prolific,https://app.prolific.com/submissions/complete?cc=CQ9PVTWX,,,0,,0,,0.07142857142857142,QID225,
2026-03-23,2026-03-23,IP Address,100,648,True,2026-03-23,3a40c0196f770578b2a29f768f88fe35,anonymous,,"CMO (e.g., Director of Communications, Public Affairs Officer, Chief Marketing & Communications Officer)",,I am one of several key decision-makers who collectively decide on technology adoption,"Arts, Entertainment, and Recreation",,100-499,For-Profit,$10M-$49M,<$10M,United States,Regional,Minor Barrier,Not a Barrier,Not a Barrier,Not a Barrier,Not a Barrier,Moderate Barrier,Minor Barrier,Minor Barrier,Not a Barrier,Not a Barrier,Not a Barrier,Minor Barrier,Moderate Barrier,Moderate Barrier,Not a Barrier,Minor Barrier,Not a Barrier,Not a Barrier,Not a Barrier,,,,,,High cost associated with acquiring or implementing new technologies.,Difficulty integrating new technologies with existing legacy systems.,,,,,,Concerns about cybersecurity risks associated with new technologies.,,,,,,High Readiness/Capability,High Readiness/Capability,High Readiness/Capability,High Readiness/Capability,High Readiness/Capability,High Readiness/Capability,High Readiness/Capability,High Readiness/Capability,High Readiness/Capability,High Readiness/Capability,High Readiness/Capability,Moderate Readiness/Capability,High Readiness/Capability,High Readiness/Capability,High Readiness/Capability,High Readiness/Capability,Moderate Readiness/Capability,Low Readiness/Capability,Level 4: Managed/Quantitatively Managed,Level 4: Managed/Quantitatively Managed,Level 3: Defined/Standardized,Level 5: Optimizing/Innovating,Level 4: Managed/Quantitatively Managed,Level 4: Managed/Quantitatively Managed,Level 4: Managed/Quantitatively Managed,Level 4: Managed/Quantitatively Managed,Level 2: Developing/Repeatable,,complete,,,69c17630acada6abeead2da5,69c19e6883e399d82e70083f,prolific,https://app.prolific.com/submissions/complete?cc=CQ9PVTWX,,,0,,0,,0.07142857142857142,QID225,
2026-03-23,2026-03-23,IP Address,100,739,True,2026-03-23,e32d2717afa81ebff86a5607a8a026d6,anonymous,,Other (please specify),Not C suite. Middle manager. Highest program regional operations,I have limited involvement — I primarily implement technology decisions made by leadership,Non-Profit Organization (Non-Governmental),,100-499,Non-Profit,$10M-$49M,<$10M,United States,National,Significant Barrier,Minor Barrier,Minor Barrier,Moderate Barrier,Minor Barrier,Significant Barrier,Moderate Barrier,Moderate Barrier,Not a Barrier,Moderate Barrier,Minor Barrier,Minor Barrier,Minor Barrier,Major Barrier,Not a Barrier,Minor Barrier,Moderate Barrier,Minor Barrier,Major Barrier,,,,Insufficient skills or expertise within the workforce to utilize new technologies effectively.,,High cost associated with acquiring or implementing new technologies.,,,,,,,,Concerns about data privacy compliance related to new technologies.,,,,,Low Readiness/Capability,High Readiness/Capability,Low Readiness/Capability,Moderate Readiness/Capability,Low Readiness/Capability,Moderate Readiness/Capability,Low Readiness/Capability,Very Low Readiness/Capability,Moderate Readiness/Capability,Moderate Readiness/Capability,Moderate Readiness/Capability,Moderate Readiness/Capability,Don't Know,Moderate Readiness/Capability,Don't Know,Moderate Readiness/Capability,Moderate Readiness/Capability,Low Readiness/Capability,Level 2: Developing/Repeatable,Level 2: Developing/Repeatable,Level 3: Defined/Standardized,Level 2: Developing/Repeatable,Level 3: Defined/Standardized,Level 2: Developing/Repeatable,Level 3: Defined/Standardized,Level 1: Initial/Ad Hoc,Level 2: Developing/Repeatable,"We work with school districts and students under 18, which poses high security risks and contract requirements. ",complete,,,69c17630acada6abeead2da5,69c19e6c09a4d1b5582b7662,prolific,https://app.prolific.com/submissions/complete?cc=CQ9PVTWX,,Unknown,0,,0,,0,,
2026-03-23,2026-03-23,IP Address,100,780,True,2026-03-23,0cc82d09168460ce7532251d2840c095,anonymous,,"CEO (e.g., Agency Director, Secretary, Administrator, City/County Manager)",,"I provide significant input and recommendations, but final decisions are made by others",Health Care and Social Assistance (Private),,10000+,For-Profit,$1B+,<$10M,United States,National,Major Barrier,Minor Barrier,Significant Barrier,Major Barrier,Moderate Barrier,Major Barrier,Significant Barrier,Major Barrier,Minor Barrier,Significant Barrier,Significant Barrier,Minor Barrier,Major Barrier,Major Barrier,Significant Barrier,Major Barrier,Minor Barrier,Major Barrier,Major Barrier,,,,,,,Difficulty integrating new technologies with existing legacy systems.,,,,,New technologies disrupting existing workflows or processes significantly.,,,,,,Difficulty finding reliable technology vendors or partners.,Moderate Readiness/Capability,Very High Readiness/Capability,Low Readiness/Capability,Low Readiness/Capability,Low Readiness/Capability,Low Readiness/Capability,Low Readiness/Capability,Low Readiness/Capability,Very Low Readiness/Capability,Low Readiness/Capability,Low Readiness/Capability,High Readiness/Capability,Very Low Readiness/Capability,Moderate Readiness/Capability,Low Readiness/Capability,Moderate Readiness/Capability,Very Low Readiness/Capability,Low Readiness/Capability,Level 2: Developing/Repeatable,Level 3: Defined/Standardized,Level 3: Defined/Standardized,Level 2: Developing/Repeatable,Level 4: Managed/Quantitatively Managed,Level 2: Developing/Repeatable,Level 2: Developing/Repeatable,Level 3: Defined/Standardized,Level 2: Developing/Repeatable,,complete,,,69c17630acada6abeead2da5,69c1a0df58412e89bdf70454,prolific,https://app.prolific.com/submissions/complete?cc=CQ9PVTWX,,,0,,0,,0.07142857142857142,QID225,
2026-03-23,2026-03-23,IP Address,100,367,True,2026-03-23,cc0e633105271fca46d0b14ac730f96e,anonymous,,"CMO (e.g., Director of Communications, Public Affairs Officer, Chief Marketing & Communications Officer)",,I have limited involvement — I primarily implement technology decisions made by leadership,State Government,,1000-4999,Government/Public Sector,$50M-$99M,<$10M,United States,Regional,Major Barrier,Minor Barrier,Major Barrier,Moderate Barrier,Significant Barrier,Major Barrier,Major Barrier,Major Barrier,Significant Barrier,Moderate Barrier,Moderate Barrier,Significant Barrier,Major Barrier,Major Barrier,Moderate Barrier,Major Barrier,Moderate Barrier,,Major Barrier,,,,,,High cost associated with acquiring or implementing new technologies.,Difficulty integrating new technologies with existing legacy systems.,,,,,New technologies disrupting existing workflows or processes significantly.,,,,,,,Moderate Readiness/Capability,Low Readiness/Capability,Low Readiness/Capability,Very Low Readiness/Capability,Low Readiness/Capability,Low Readiness/Capability,Low Readiness/Capability,Low Readiness/Capability,Low Readiness/Capability,Low Readiness/Capability,Low Readiness/Capability,Low Readiness/Capability,Low Readiness/Capability,Low Readiness/Capability,Low Readiness/Capability,Low Readiness/Capability,Low Readiness/Capability,Low Readiness/Capability,Level 3: Defined/Standardized,Level 3: Defined/Standardized,Level 3: Defined/Standardized,Level 3: Defined/Standardized,Level 3: Defined/Standardized,Don't Know,Level 3: Defined/Standardized,Level 3: Defined/Standardized,Level 2: Developing/Repeatable,None,complete,,,69c17630acada6abeead2da5,69c1a31f41a4899ba1f979f2,prolific,https://app.prolific.com/submissions/complete?cc=CQ9PVTWX,,Unknown,0,,0,,0,,
2026-03-23,2026-03-23,IP Address,100,772,True,2026-03-23,044416c8df6531cf2ad4277a92c2b726,anonymous,,"CTO (e.g., Director of Technology/Innovation, Chief Scientist)",,"I provide significant input and recommendations, but final decisions are made by others",Federal Government/Defense,,100-499,Non-Profit,$50M-$99M,$10M-$49M,United States,Regional,Significant Barrier,Moderate Barrier,Significant Barrier,Significant Barrier,Major Barrier,Significant Barrier,Major Barrier,Major Barrier,Minor Barrier,Significant Barrier,Minor Barrier,Moderate Barrier,Major Barrier,Significant Barrier,Significant Barrier,Minor Barrier,Significant Barrier,Minor Barrier,Major Barrier,,,,,,,,,"Difficulty demonstrating clear value (e.g., mission impact, public value, cost-effectiveness) for new technology investments.",Lack of a clear strategy or roadmap for technology adoption.,,,Concerns about cybersecurity risks associated with new technologies.,,,,,,Low Readiness/Capability,Moderate Readiness/Capability,Moderate Readiness/Capability,Moderate Readiness/Capability,Very High Readiness/Capability,Very High Readiness/Capability,Moderate Readiness/Capability,Moderate Readiness/Capability,High Readiness/Capability,High Readiness/Capability,Low Readiness/Capability,Moderate Readiness/Capability,Moderate Readiness/Capability,Very High Readiness/Capability,High Readiness/Capability,Moderate Readiness/Capability,Low Readiness/Capability,Low Readiness/Capability,Level 3: Defined/Standardized,Level 2: Developing/Repeatable,Level 3: Defined/Standardized,Level 4: Managed/Quantitatively Managed,Level 4: Managed/Quantitatively Managed,Level 3: Defined/Standardized,Level 4: Managed/Quantitatively Managed,Level 2: Developing/Repeatable,Level 2: Developing/Repeatable,"One of our biggest barriers to implementing new technologies has to do with organizational culture as it pertains to ""generations"" across the organization. A lot of our older members of leadership get excited about and push new technology onto our workforce. Our older members tend to be management, and our younger workforce is more technical. Therefore, the younger folks tend to perceive new tech with a lot of skepticism and reticence. When leadership pushes or forces it, they become more skeptical. We need to do a better job of getting buy in from our tech savvy younger workforce, or should take their lead in terms of pursuing technology. One past issue we've had is our young technical workforce making recommendations, then older Boomer leadership being unwilling to learn it or purchase an enterprise license, even though all of the technical staff wanted it. It is an issue when management pushes less effective tools and fails to adopt useful tools, and when management thinks it knows better than the actual master's and PhD level experts on the ground floor.",complete,,,69c17630acada6abeead2da5,69c1a28ecc4d2df06c4d7268,prolific,https://app.prolific.com/submissions/complete?cc=CQ9PVTWX,,Unknown,0,,0,,0,,
2026-03-23,2026-03-23,IP Address,100,437,True,2026-03-23,d01b03a151a53b33067a27dc46a8ab48,anonymous,,"COO (e.g., Deputy Director, Chief of Staff, Assistant Secretary for Administration)",,I am the primary decision-maker for technology adoption in my area of responsibility,Finance and Insurance,,500-999,For-Profit,$100M-$499M,$50M-$99M,United States,National,Not a Barrier,Significant Barrier,Not a Barrier,Minor Barrier,Major Barrier,Minor Barrier,Minor Barrier,Minor Barrier,Moderate Barrier,Significant Barrier,Significant Barrier,Moderate Barrier,Significant Barrier,Significant Barrier,Significant Barrier,Major Barrier,Minor Barrier,Moderate Barrier,Major Barrier,,,,,,,,,,,,,Concerns about cybersecurity risks associated with new technologies.,Concerns about data privacy compliance related to new technologies.,Lack of trust in the reliability or performance of new technologies or vendors.,,,,Moderate Readiness/Capability,Moderate Readiness/Capability,Low Readiness/Capability,High Readiness/Capability,High Readiness/Capability,Moderate Readiness/Capability,Low Readiness/Capability,Moderate Readiness/Capability,High Readiness/Capability,Very Low Readiness/Capability,Moderate Readiness/Capability,High Readiness/Capability,Moderate Readiness/Capability,Very High Readiness/Capability,High Readiness/Capability,High Readiness/Capability,Very High Readiness/Capability,Low Readiness/Capability,Level 4: Managed/Quantitatively Managed,Level 4: Managed/Quantitatively Managed,Level 3: Defined/Standardized,Level 4: Managed/Quantitatively Managed,Level 4: Managed/Quantitatively Managed,Level 3: Defined/Standardized,Level 3: Defined/Standardized,Level 3: Defined/Standardized,Level 2: Developing/Repeatable,no everything was pretty much covered already,complete,,,69c17630acada6abeead2da5,69c1a4be1c3f34b52b353f1d,prolific,https://app.prolific.com/submissions/complete?cc=CQ9PVTWX,,Unknown,0,,0,,0,,
2026-03-23,2026-03-23,IP Address,100,1160,True,2026-03-23,25357c1cf71c4e5688e4d065bfc61604,anonymous,,"CHRO (e.g., Chief Human Capital Officer (CHCO), Director of Human Resources, Personnel Director)",,"I provide significant input and recommendations, but final decisions are made by others",Retail Trade,,100-499,For-Profit,$10M-$49M,$10M-$49M,United States,Regional,Major Barrier,Significant Barrier,Major Barrier,Moderate Barrier,Minor Barrier,Major Barrier,Major Barrier,Moderate Barrier,Major Barrier,Significant Barrier,Not a Barrier,Major Barrier,Moderate Barrier,Major Barrier,Minor Barrier,Minor Barrier,Major Barrier,Minor Barrier,Major Barrier,Resistance to change among employees or middle management.,,,,,,,,"Difficulty demonstrating clear value (e.g., mission impact, public value, cost-effectiveness) for new technology investments.",,,New technologies disrupting existing workflows or processes significantly.,,,,,,,Low Readiness/Capability,Moderate Readiness/Capability,Moderate Readiness/Capability,Moderate Readiness/Capability,Moderate Readiness/Capability,Low Readiness/Capability,Low Readiness/Capability,High Readiness/Capability,Low Readiness/Capability,Very Low Readiness/Capability,Low Readiness/Capability,Very Low Readiness/Capability,Moderate Readiness/Capability,High Readiness/Capability,Moderate Readiness/Capability,Low Readiness/Capability,High Readiness/Capability,Low Readiness/Capability,Level 4: Managed/Quantitatively Managed,Level 3: Defined/Standardized,Level 3: Defined/Standardized,Level 4: Managed/Quantitatively Managed,Level 4: Managed/Quantitatively Managed,Level 4: Managed/Quantitatively Managed,Level 2: Developing/Repeatable,Level 2: Developing/Repeatable,Level 2: Developing/Repeatable,"Most of them were covered. I think the human condition when considering the ability to adopt new tech. THere is often resistance to anything new. We tend to get comfortable and like our own ""devices""",complete,,,69c17630acada6abeead2da5,69c1a2164ce7f69899c94b48,prolific,https://app.prolific.com/submissions/complete?cc=CQ9PVTWX,,Unknown,0,,0,,0,,
2026-03-23,2026-03-23,IP Address,100,694,True,2026-03-23,72e0f127878a22a55a173e980c4ac399,anonymous,,"CSO (e.g., Director of Strategic Planning, Policy Director, Chief Strategy Officer)",,"I provide significant input and recommendations, but final decisions are made by others",Finance and Insurance,,10000+,For-Profit,$1B+,<$10M,International,National,Moderate Barrier,Not a Barrier,Minor Barrier,Moderate Barrier,Moderate Barrier,Moderate Barrier,Significant Barrier,Moderate Barrier,Minor Barrier,Major Barrier,Moderate Barrier,Moderate Barrier,Major Barrier,Major Barrier,Significant Barrier,Major Barrier,Moderate Barrier,Minor Barrier,Moderate Barrier,,,,,,,,,,Lack of a clear strategy or roadmap for technology adoption.,,,Concerns about cybersecurity risks associated with new technologies.,,,Uncertainty or complexity related to regulatory requirements.,,,Very High Readiness/Capability,Low Readiness/Capability,Low Readiness/Capability,High Readiness/Capability,Very High Readiness/Capability,High Readiness/Capability,High Readiness/Capability,Moderate Readiness/Capability,Very High Readiness/Capability,Moderate Readiness/Capability,Moderate Readiness/Capability,High Readiness/Capability,Low Readiness/Capability,High Readiness/Capability,Moderate Readiness/Capability,Moderate Readiness/Capability,High Readiness/Capability,Low Readiness/Capability,Level 4: Managed/Quantitatively Managed,Level 4: Managed/Quantitatively Managed,Level 4: Managed/Quantitatively Managed,Level 3: Defined/Standardized,Level 5: Optimizing/Innovating,Level 3: Defined/Standardized,Level 3: Defined/Standardized,Level 5: Optimizing/Innovating,Level 2: Developing/Repeatable,The survey was pretty comprehensive. Being in a highly regulated industry like insurance adds to the complexity of adopting new and emerging technologies and slows the process down.,complete,,,69c17630acada6abeead2da5,69c1a44ed43122ec0450939c,prolific,https://app.prolific.com/submissions/complete?cc=CQ9PVTWX,,Unknown,0,,0,,0,,
2026-03-23,2026-03-23,IP Address,100,934,True,2026-03-23,b728d82ba89f7ac6d65384a4b5de5f6f,anonymous,,"COO (e.g., Deputy Director, Chief of Staff, Assistant Secretary for Administration)",,I am one of several key decision-makers who collectively decide on technology adoption,Public Education (K-12/Higher Ed),,<100,Non-Profit,<$10M,<$10M,United States,Local,Major Barrier,Minor Barrier,Minor Barrier,Significant Barrier,Significant Barrier,Significant Barrier,Minor Barrier,Not a Barrier,Minor Barrier,Significant Barrier,Moderate Barrier,Not a Barrier,Minor Barrier,Not a Barrier,Not a Barrier,Not a Barrier,Minor Barrier,Not a Barrier,Major Barrier,Resistance to change among employees or middle management.,,,Insufficient skills or expertise within the workforce to utilize new technologies effectively.,,,,,,,Insufficient governance processes for selecting and managing new technologies.,,,,,,,,Low Readiness/Capability,Moderate Readiness/Capability,Low Readiness/Capability,Low Readiness/Capability,Moderate Readiness/Capability,Low Readiness/Capability,Low Readiness/Capability,Moderate Readiness/Capability,Moderate Readiness/Capability,Moderate Readiness/Capability,Low Readiness/Capability,Moderate Readiness/Capability,Low Readiness/Capability,Moderate Readiness/Capability,Moderate Readiness/Capability,Moderate Readiness/Capability,Moderate Readiness/Capability,Low Readiness/Capability,Level 3: Defined/Standardized,Level 3: Defined/Standardized,Level 2: Developing/Repeatable,Level 4: Managed/Quantitatively Managed,Level 3: Defined/Standardized,Level 2: Developing/Repeatable,Level 2: Developing/Repeatable,Level 2: Developing/Repeatable,Level 2: Developing/Repeatable,Our current IT personnel is not equipped to make large scale decisions. We as an organization tend to be more reactive than proactive with technology. communication and employee training can be improved significantly as well.,complete,,,69c17630acada6abeead2da5,69c1a64f37dbc4ad9114f1a7,prolific,https://app.prolific.com/submissions/complete?cc=CQ9PVTWX,,Unknown,0,,0,,0,,
2026-03-23,2026-03-23,IP Address,100,606,True,2026-03-23,d10c95cad35ab3dd2cee592f66a90d6c,anonymous,,Other (please specify),Dept Chair,I am one of several key decision-makers who collectively decide on technology adoption,Public Education (K-12/Higher Ed),,5000-9999,Government/Public Sector,$500M-$999M,<$10M,United States,Local,Moderate Barrier,Minor Barrier,Not a Barrier,Major Barrier,Significant Barrier,Major Barrier,Major Barrier,Minor Barrier,Minor Barrier,Minor Barrier,Significant Barrier,Minor Barrier,Major Barrier,Major Barrier,Not a Barrier,Minor Barrier,Minor Barrier,Not a Barrier,Major Barrier,,,,Insufficient skills or expertise within the workforce to utilize new technologies effectively.,,High cost associated with acquiring or implementing new technologies.,Difficulty integrating new technologies with existing legacy systems.,,,,,,,,,,,,Very Low Readiness/Capability,Low Readiness/Capability,Low Readiness/Capability,High Readiness/Capability,Very Low Readiness/Capability,Low Readiness/Capability,High Readiness/Capability,Very Low Readiness/Capability,Moderate Readiness/Capability,Very High Readiness/Capability,Low Readiness/Capability,Very Low Readiness/Capability,Low Readiness/Capability,Low Readiness/Capability,Very Low Readiness/Capability,Low Readiness/Capability,High Readiness/Capability,Low Readiness/Capability,Level 5: Optimizing/Innovating,Level 4: Managed/Quantitatively Managed,Level 4: Managed/Quantitatively Managed,Level 4: Managed/Quantitatively Managed,Level 5: Optimizing/Innovating,Level 4: Managed/Quantitatively Managed,Level 5: Optimizing/Innovating,Level 5: Optimizing/Innovating,Level 2: Developing/Repeatable,"I don't know of anything specific that wasn't covered- in our organization, the biggest barrier when it comes to adopting anything new is how well it works with all our other existing platforms and user needs. ",complete,,,69c17630acada6abeead2da5,69c1a87e87d19113755351d4,prolific,https://app.prolific.com/submissions/complete?cc=CQ9PVTWX,,Unknown,0,,0,,0,,
2026-03-23,2026-03-23,IP Address,100,571,True,2026-03-23,8c2105bb12c397b3a36a6bcf3324f946,anonymous,,"CEO (e.g., Agency Director, Secretary, Administrator, City/County Manager)",,I am the primary decision-maker for technology adoption in my area of responsibility,"Professional, Scientific, and Technical Services",,<100,For-Profit,<$10M,<$10M,United States,Regional,Minor Barrier,Minor Barrier,Not a Barrier,Major Barrier,Minor Barrier,Major Barrier,Moderate Barrier,Minor Barrier,Minor Barrier,Minor Barrier,Moderate Barrier,Minor Barrier,Significant Barrier,Major Barrier,Not a Barrier,Moderate Barrier,Significant Barrier,Major Barrier,Major Barrier,,,,Insufficient skills or expertise within the workforce to utilize new technologies effectively.,,,,,,,,,,Concerns about data privacy compliance related to new technologies.,,,,Difficulty finding reliable technology vendors or partners.,Very High Readiness/Capability,Very High Readiness/Capability,High Readiness/Capability,Very High Readiness/Capability,Very High Readiness/Capability,Low Readiness/Capability,High Readiness/Capability,Very High Readiness/Capability,Very High Readiness/Capability,High Readiness/Capability,High Readiness/Capability,Moderate Readiness/Capability,Low Readiness/Capability,Low Readiness/Capability,Very High Readiness/Capability,High Readiness/Capability,Low Readiness/Capability,Low Readiness/Capability,Level 3: Defined/Standardized,Level 2: Developing/Repeatable,Level 3: Defined/Standardized,Level 4: Managed/Quantitatively Managed,Level 4: Managed/Quantitatively Managed,Level 3: Defined/Standardized,Level 3: Defined/Standardized,Level 2: Developing/Repeatable,Level 2: Developing/Repeatable,"I believe this survey worked well to capture insights on organizational maturity. As with all things, we are constantly working to improve our posture and processeses within the space.",complete,,,69c17630acada6abeead2da5,69c1a9f375dca71276115632,prolific,https://app.prolific.com/submissions/complete?cc=CQ9PVTWX,,Unknown,0,,0,,0,,
2026-03-23,2026-03-23,IP Address,100,651,True,2026-03-23,a46c7eceab68a92b93581bd0e06becd4,anonymous,,"CHRO (e.g., Chief Human Capital Officer (CHCO), Director of Human Resources, Personnel Director)",,I am one of several key decision-makers who collectively decide on technology adoption,Educational Services (Private),,500-999,For-Profit,$10M-$49M,<$10M,United States,National,Moderate Barrier,Significant Barrier,Not a Barrier,Minor Barrier,Minor Barrier,Significant Barrier,Minor Barrier,Minor Barrier,Significant Barrier,Not a Barrier,Not a Barrier,Minor Barrier,Moderate Barrier,Moderate Barrier,Minor Barrier,Minor Barrier,Not a Barrier,Moderate Barrier,Not a Barrier,,"Lack of support or clear vision from top leadership (including the board, e.g., governing body, oversight committee).",,,,High cost associated with acquiring or implementing new technologies.,,,,,,,,,,,,Difficulty finding reliable technology vendors or partners.,Low Readiness/Capability,High Readiness/Capability,Low Readiness/Capability,High Readiness/Capability,High Readiness/Capability,Moderate Readiness/Capability,Moderate Readiness/Capability,Moderate Readiness/Capability,Moderate Readiness/Capability,Moderate Readiness/Capability,Moderate Readiness/Capability,Moderate Readiness/Capability,High Readiness/Capability,Low Readiness/Capability,Moderate Readiness/Capability,Low Readiness/Capability,Low Readiness/Capability,Low Readiness/Capability,Level 3: Defined/Standardized,Level 3: Defined/Standardized,Level 2: Developing/Repeatable,Level 3: Defined/Standardized,Level 2: Developing/Repeatable,Level 3: Defined/Standardized,Level 2: Developing/Repeatable,Level 2: Developing/Repeatable,Level 2: Developing/Repeatable,This was pretty thorough. Our biggest obstacles are currently top level execs who cannot commit to ideas. ,complete,,,69c17630acada6abeead2da5,69c1a9facae8b14484c2669f,prolific,https://app.prolific.com/submissions/complete?cc=CQ9PVTWX,,Unknown,0,,0,,0,,
2026-03-23,2026-03-23,IP Address,100,813,True,2026-03-23,4e358499979b8b731de5dd81ed864ac8,anonymous,,"CHRO (e.g., Chief Human Capital Officer (CHCO), Director of Human Resources, Personnel Director)",,I am one of several key decision-makers who collectively decide on technology adoption,Retail Trade,,1000-4999,For-Profit,$50M-$99M,$10M-$49M,United States,Regional,Minor Barrier,Not a Barrier,Minor Barrier,Moderate Barrier,Minor Barrier,Moderate Barrier,Moderate Barrier,Moderate Barrier,Moderate Barrier,Minor Barrier,Moderate Barrier,Moderate Barrier,Significant Barrier,Significant Barrier,Moderate Barrier,Minor Barrier,Minor Barrier,Minor Barrier,Major Barrier,,,,,,,Difficulty integrating new technologies with existing legacy systems.,,"Difficulty demonstrating clear value (e.g., mission impact, public value, cost-effectiveness) for new technology investments.",,,,Concerns about cybersecurity risks associated with new technologies.,,,,,,Moderate Readiness/Capability,High Readiness/Capability,Moderate Readiness/Capability,High Readiness/Capability,Moderate Readiness/Capability,Low Readiness/Capability,Moderate Readiness/Capability,Moderate Readiness/Capability,Low Readiness/Capability,Low Readiness/Capability,Low Readiness/Capability,Low Readiness/Capability,Moderate Readiness/Capability,Low Readiness/Capability,Moderate Readiness/Capability,Low Readiness/Capability,Moderate Readiness/Capability,Low Readiness/Capability,Level 3: Defined/Standardized,Level 3: Defined/Standardized,Level 2: Developing/Repeatable,Level 2: Developing/Repeatable,Level 4: Managed/Quantitatively Managed,Level 3: Defined/Standardized,Level 3: Defined/Standardized,Level 2: Developing/Repeatable,Level 2: Developing/Repeatable,"No, it was very comprehensive. The biggest aspects discussed in meetings and gatherings, our cost labor, force, structure, understanding and applicability, and you covered them all.",complete,,,69c17630acada6abeead2da5,69c1a9dd488ae9967add2042,prolific,https://app.prolific.com/submissions/complete?cc=CQ9PVTWX,,Unknown,0,,0,,0,,
2026-03-23,2026-03-23,IP Address,100,568,True,2026-03-23,449ae174ac3e71536352992285994eda,anonymous,,Other (please specify),I work along side CFO & CAO in AVP Role,I am one of several key decision-makers who collectively decide on technology adoption,Finance and Insurance,,100-499,For-Profit,$100M-$499M,<$10M,United States,Regional,Major Barrier,Minor Barrier,Minor Barrier,Significant Barrier,Moderate Barrier,Moderate Barrier,Significant Barrier,Minor Barrier,Not a Barrier,Minor Barrier,Significant Barrier,Significant Barrier,Minor Barrier,Minor Barrier,Minor Barrier,Minor Barrier,Moderate Barrier,Minor Barrier,Major Barrier,Resistance to change among employees or middle management.,,,Insufficient skills or expertise within the workforce to utilize new technologies effectively.,,,Difficulty integrating new technologies with existing legacy systems.,,,,,,,,,,,,Moderate Readiness/Capability,Moderate Readiness/Capability,Low Readiness/Capability,Low Readiness/Capability,High Readiness/Capability,Low Readiness/Capability,Very Low Readiness/Capability,Moderate Readiness/Capability,Low Readiness/Capability,Moderate Readiness/Capability,Low Readiness/Capability,Moderate Readiness/Capability,Moderate Readiness/Capability,Very Low Readiness/Capability,Moderate Readiness/Capability,Low Readiness/Capability,Moderate Readiness/Capability,High Readiness/Capability,Level 3: Defined/Standardized,Level 3: Defined/Standardized,Level 2: Developing/Repeatable,Level 2: Developing/Repeatable,Level 4: Managed/Quantitatively Managed,Level 3: Defined/Standardized,Level 2: Developing/Repeatable,Level 2: Developing/Repeatable,Level 2: Developing/Repeatable,I think it was covered but over all rapid growth that forces quick change but not well thought out. So quick fixes become long term solutions that are hard to uncouple ,complete,,,69c17630acada6abeead2da5,69c1ab485f96f39a85db42ea,prolific,https://app.prolific.com/submissions/complete?cc=CQ9PVTWX,,Unknown,0,,0,,0,,
2026-03-23,2026-03-23,IP Address,100,436,True,2026-03-23,91e1763dea77c435f9ccd56062721ff3,anonymous,,Other (please specify),"VP, Senior Project Manager",I have limited involvement — I primarily implement technology decisions made by leadership,Other (please specify),Banking,5000-9999,For-Profit,$1B+,<$10M,United States,International,Moderate Barrier,Minor Barrier,Significant Barrier,Major Barrier,Significant Barrier,Major Barrier,Major Barrier,Major Barrier,Minor Barrier,Minor Barrier,Major Barrier,Moderate Barrier,Not a Barrier,Significant Barrier,Significant Barrier,Significant Barrier,Major Barrier,Significant Barrier,Significant Barrier,,,,,,High cost associated with acquiring or implementing new technologies.,,,,,,,,,,,"Pressure to adopt technology due to external factors (e.g., mandates, public expectations, peer agency actions), without adequate internal readiness.",Difficulty finding reliable technology vendors or partners.,Very High Readiness/Capability,High Readiness/Capability,High Readiness/Capability,High Readiness/Capability,Very High Readiness/Capability,High Readiness/Capability,High Readiness/Capability,Moderate Readiness/Capability,Very High Readiness/Capability,High Readiness/Capability,High Readiness/Capability,High Readiness/Capability,Very High Readiness/Capability,High Readiness/Capability,Very High Readiness/Capability,Low Readiness/Capability,High Readiness/Capability,Low Readiness/Capability,Level 2: Developing/Repeatable,Level 4: Managed/Quantitatively Managed,Level 3: Defined/Standardized,Level 1: Initial/Ad Hoc,Level 4: Managed/Quantitatively Managed,Level 4: Managed/Quantitatively Managed,Level 5: Optimizing/Innovating,Level 3: Defined/Standardized,Level 2: Developing/Repeatable,No all the barriers were clearly defined there is nothing else that I could think to add at all.,complete,,,69c17630acada6abeead2da5,69c1acb72cc0aaec680d105a,prolific,https://app.prolific.com/submissions/complete?cc=CQ9PVTWX,,Unknown,0,,0,,0,,
2026-03-23,2026-03-23,IP Address,100,1209,True,2026-03-23,9d3e522f4c56fbc8beab73bdf4738512,anonymous,,"CIO (e.g., Director of IT)",,I am one of several key decision-makers who collectively decide on technology adoption,Health Care and Social Assistance (Private),,1000-4999,For-Profit,$1B+,$50M-$99M,United States,Local,Minor Barrier,Moderate Barrier,Not a Barrier,Minor Barrier,Minor Barrier,Minor Barrier,Significant Barrier,Not a Barrier,Moderate Barrier,Significant Barrier,Minor Barrier,Significant Barrier,Major Barrier,Significant Barrier,Moderate Barrier,Moderate Barrier,Moderate Barrier,Not a Barrier,Major Barrier,,,,,,,Difficulty integrating new technologies with existing legacy systems.,,,,,New technologies disrupting existing workflows or processes significantly.,Concerns about cybersecurity risks associated with new technologies.,,,,,,High Readiness/Capability,High Readiness/Capability,High Readiness/Capability,Moderate Readiness/Capability,Very High Readiness/Capability,High Readiness/Capability,Moderate Readiness/Capability,High Readiness/Capability,Very High Readiness/Capability,Moderate Readiness/Capability,Very High Readiness/Capability,Very High Readiness/Capability,High Readiness/Capability,Very High Readiness/Capability,Moderate Readiness/Capability,High Readiness/Capability,Very High Readiness/Capability,Low Readiness/Capability,Level 4: Managed/Quantitatively Managed,Level 5: Optimizing/Innovating,Level 4: Managed/Quantitatively Managed,Level 5: Optimizing/Innovating,Level 5: Optimizing/Innovating,Level 5: Optimizing/Innovating,Level 4: Managed/Quantitatively Managed,Level 3: Defined/Standardized,Level 2: Developing/Repeatable,I honestly can't think of any other barriers not covered in the previous survey questions.,complete,,,69c17630acada6abeead2da5,69c1aae0c24d884b2372ab49,prolific,https://app.prolific.com/submissions/complete?cc=CQ9PVTWX,,Unknown,0,,0,,0,,
2026-03-23,2026-03-23,IP Address,100,318,True,2026-03-23,785c20fa6a97c8f1c83e1ad51ef8ced5,anonymous,,Other (please specify),Executive Director,I am one of several key decision-makers who collectively decide on technology adoption,Finance and Insurance,,10000+,For-Profit,$1B+,$100M-$499M,United States,International,Major Barrier,Not a Barrier,Significant Barrier,Not a Barrier,Not a Barrier,Moderate Barrier,Major Barrier,Not a Barrier,Minor Barrier,Not a Barrier,Moderate Barrier,Minor Barrier,Minor Barrier,Significant Barrier,Moderate Barrier,Major Barrier,Major Barrier,Minor Barrier,Major Barrier,,,,,,,,,,,,,Concerns about cybersecurity risks associated with new technologies.,Concerns about data privacy compliance related to new technologies.,,,"Pressure to adopt technology due to external factors (e.g., mandates, public expectations, peer agency actions), without adequate internal readiness.",,Very High Readiness/Capability,Very High Readiness/Capability,Very High Readiness/Capability,High Readiness/Capability,Very High Readiness/Capability,Very High Readiness/Capability,Very High Readiness/Capability,High Readiness/Capability,Very High Readiness/Capability,Moderate Readiness/Capability,Very High Readiness/Capability,Very High Readiness/Capability,Very High Readiness/Capability,Very High Readiness/Capability,Very High Readiness/Capability,Very High Readiness/Capability,Very High Readiness/Capability,Low Readiness/Capability,Level 5: Optimizing/Innovating,Level 5: Optimizing/Innovating,Level 5: Optimizing/Innovating,Level 5: Optimizing/Innovating,Level 5: Optimizing/Innovating,Level 5: Optimizing/Innovating,Level 5: Optimizing/Innovating,Level 4: Managed/Quantitatively Managed,Level 4: Managed/Quantitatively Managed,No.,complete,,,69c17630acada6abeead2da5,69c1b27164e06335c766515c,prolific,https://app.prolific.com/submissions/complete?cc=CQ9PVTWX,,Unknown,0,,0,,0,,
2026-03-23,2026-03-23,IP Address,100,618,True,2026-03-23,bcf22a3f385518d5f13d6ef0933d619c,anonymous,,"CRO (e.g., Director of Budget/Finance, Director of Development/Fundraising, Head of Revenue Operations)",,I am one of several key decision-makers who collectively decide on technology adoption,Information,,<100,For-Profit,$50M-$99M,<$10M,United States,International,Significant Barrier,Moderate Barrier,Significant Barrier,Moderate Barrier,Significant Barrier,Major Barrier,Significant Barrier,Minor Barrier,Significant Barrier,Significant Barrier,Not a Barrier,Moderate Barrier,Minor Barrier,Not a Barrier,Minor Barrier,Minor Barrier,Moderate Barrier,Minor Barrier,Moderate Barrier,,"Lack of support or clear vision from top leadership (including the board, e.g., governing body, oversight committee).",,,,High cost associated with acquiring or implementing new technologies.,,,"Difficulty demonstrating clear value (e.g., mission impact, public value, cost-effectiveness) for new technology investments.",,,,,,,,,,Low Readiness/Capability,Low Readiness/Capability,Moderate Readiness/Capability,Low Readiness/Capability,Low Readiness/Capability,Low Readiness/Capability,Low Readiness/Capability,Low Readiness/Capability,Moderate Readiness/Capability,Moderate Readiness/Capability,Moderate Readiness/Capability,Low Readiness/Capability,Moderate Readiness/Capability,Moderate Readiness/Capability,High Readiness/Capability,Moderate Readiness/Capability,Low Readiness/Capability,Low Readiness/Capability,Level 2: Developing/Repeatable,Level 3: Defined/Standardized,Level 3: Defined/Standardized,Level 1: Initial/Ad Hoc,Level 2: Developing/Repeatable,Level 3: Defined/Standardized,Level 1: Initial/Ad Hoc,Level 2: Developing/Repeatable,Level 2: Developing/Repeatable,"I don’t know that this address the rapidly changing landscape, particularly in regards to AI. I think that even the most “prepared” companies are still not quite ready for full AI adoption.  ",complete,,,69c17630acada6abeead2da5,69c1b1831f56fc2acf537a5f,prolific,https://app.prolific.com/submissions/complete?cc=CQ9PVTWX,,Unknown,0,,0,,0,,
2026-03-23,2026-03-23,IP Address,100,1860,True,2026-03-23,0bb6ddac498cd7276b7925c7418560cc,anonymous,,"CTO (e.g., Director of Technology/Innovation, Chief Scientist)",,I am one of several key decision-makers who collectively decide on technology adoption,Finance and Insurance,,500-999,For-Profit,$100M-$499M,<$10M,United States,National,Minor Barrier,Minor Barrier,Moderate Barrier,Moderate Barrier,Minor Barrier,Moderate Barrier,Moderate Barrier,Minor Barrier,Minor Barrier,Minor Barrier,Minor Barrier,Moderate Barrier,Moderate Barrier,Minor Barrier,Minor Barrier,Minor Barrier,Minor Barrier,Minor Barrier,Major Barrier,Resistance to change among employees or middle management.,,,,,,,"Inadequate IT infrastructure (e.g., network, storage, computing power) to support new technologies.",,Lack of a clear strategy or roadmap for technology adoption.,,,,,,,,,Moderate Readiness/Capability,Moderate Readiness/Capability,Don't Know,Moderate Readiness/Capability,Moderate Readiness/Capability,Moderate Readiness/Capability,Moderate Readiness/Capability,Moderate Readiness/Capability,Moderate Readiness/Capability,Moderate Readiness/Capability,Moderate Readiness/Capability,Moderate Readiness/Capability,Low Readiness/Capability,Moderate Readiness/Capability,Moderate Readiness/Capability,Moderate Readiness/Capability,Don't Know,Low Readiness/Capability,Level 4: Managed/Quantitatively Managed,Level 4: Managed/Quantitatively Managed,Level 4: Managed/Quantitatively Managed,Level 4: Managed/Quantitatively Managed,Level 4: Managed/Quantitatively Managed,Level 4: Managed/Quantitatively Managed,Level 4: Managed/Quantitatively Managed,Level 3: Defined/Standardized,Level 2: Developing/Repeatable,"No, I think you adequately covered them.",complete,,,69c17630acada6abeead2da5,69c1ad21191413ac5ce89ad6,prolific,https://app.prolific.com/submissions/complete?cc=CQ9PVTWX,,Unknown,0,,0,,0,,
2026-03-23,2026-03-23,IP Address,100,1543,True,2026-03-23,2d2e86294922dcc68a7959a7f4bc7de5,anonymous,,"COO (e.g., Deputy Director, Chief of Staff, Assistant Secretary for Administration)",,I have limited involvement — I primarily implement technology decisions made by leadership,Federal Government/Defense,,10000+,Government/Public Sector,$1B+,<$10M,United States,International,Moderate Barrier,Not a Barrier,Moderate Barrier,Minor Barrier,Minor Barrier,Major Barrier,Major Barrier,Significant Barrier,Minor Barrier,Moderate Barrier,Minor Barrier,Major Barrier,Major Barrier,Major Barrier,Minor Barrier,Moderate Barrier,Minor Barrier,Not a Barrier,Major Barrier,,,,,,High cost associated with acquiring or implementing new technologies.,,,,,,,Concerns about cybersecurity risks associated with new technologies.,Concerns about data privacy compliance related to new technologies.,,,,,Moderate Readiness/Capability,Moderate Readiness/Capability,Moderate Readiness/Capability,Moderate Readiness/Capability,Moderate Readiness/Capability,Low Readiness/Capability,Low Readiness/Capability,Moderate Readiness/Capability,Low Readiness/Capability,Low Readiness/Capability,Moderate Readiness/Capability,Low Readiness/Capability,Moderate Readiness/Capability,Moderate Readiness/Capability,Low Readiness/Capability,Moderate Readiness/Capability,Low Readiness/Capability,Very Low Readiness/Capability,Level 2: Developing/Repeatable,Level 2: Developing/Repeatable,Level 3: Defined/Standardized,Level 4: Managed/Quantitatively Managed,Level 3: Defined/Standardized,Level 3: Defined/Standardized,Level 3: Defined/Standardized,Level 3: Defined/Standardized,Level 2: Developing/Repeatable,"Besides the financial aspect, high turnover in leadership; every 2-3 years we have a new leader who wants to make their mark and will change a process that sometimes has not been fully implemented yet to something ""better.""",complete,,,69c17630acada6abeead2da5,69c1b0bc10fd7307ebeedbe3,prolific,https://app.prolific.com/submissions/complete?cc=CQ9PVTWX,,Unknown,0,,0,,0,,
2026-03-24,2026-03-24,IP Address,100,1124,True,2026-03-24,3a124ad853b242abf6b21f70b5b7d1c3,anonymous,true,"CEO (e.g., Agency Director, Secretary, Administrator, City/County Manager)",,I am the primary decision-maker for technology adoption in my area of responsibility,Retail Trade,,100-499,For-Profit,<$10M,$10M-$49M,United States,National,Minor Barrier,Minor Barrier,Minor Barrier,Moderate Barrier,Moderate Barrier,Major Barrier,Major Barrier,Major Barrier,Significant Barrier,Moderate Barrier,Minor Barrier,Moderate Barrier,Significant Barrier,Major Barrier,Moderate Barrier,Major Barrier,Minor Barrier,Moderate Barrier,Major Barrier,,,,,,High cost associated with acquiring or implementing new technologies.,Difficulty integrating new technologies with existing legacy systems.,,,,,,,Concerns about data privacy compliance related to new technologies.,,,,,Very High Readiness/Capability,Very High Readiness/Capability,Very High Readiness/Capability,Moderate Readiness/Capability,Very High Readiness/Capability,Moderate Readiness/Capability,High Readiness/Capability,Moderate Readiness/Capability,Moderate Readiness/Capability,Moderate Readiness/Capability,Very High Readiness/Capability,Moderate Readiness/Capability,Very High Readiness/Capability,Moderate Readiness/Capability,Moderate Readiness/Capability,High Readiness/Capability,Low Readiness/Capability,Low Readiness/Capability,Level 4: Managed/Quantitatively Managed,Level 4: Managed/Quantitatively Managed,Level 5: Optimizing/Innovating,Level 3: Defined/Standardized,Level 4: Managed/Quantitatively Managed,Level 5: Optimizing/Innovating,Level 5: Optimizing/Innovating,Level 5: Optimizing/Innovating,Level 2: Developing/Repeatable,no,complete,,,698e9d660ef3a737d4252594,69c2398cf880220540d20bac,prolific,https://app.prolific.com/submissions/complete?cc=CQ9PVTWX,,Unknown,0,,0,,0,,
2026-03-23,2026-03-23,IP Address,100,775,True,2026-03-23,bb5c6afc91c0466d6619e42b2a2e2ac5,anonymous,,"CEO (e.g., Agency Director, Secretary, Administrator, City/County Manager)",,I am one of several key decision-makers who collectively decide on technology adoption,Health Care and Social Assistance (Private),,10000+,For-Profit,$500M-$999M,<$10M,International,International,Significant Barrier,Significant Barrier,Major Barrier,Moderate Barrier,Significant Barrier,Moderate Barrier,Significant Barrier,Minor Barrier,Minor Barrier,Moderate Barrier,Minor Barrier,Significant Barrier,Major Barrier,Major Barrier,Significant Barrier,Significant Barrier,Major Barrier,Moderate Barrier,Major Barrier,Resistance to change among employees or middle management.,,,,,,,,,,,New technologies disrupting existing workflows or processes significantly.,,Concerns about data privacy compliance related to new technologies.,,,,,Low Readiness/Capability,Low Readiness/Capability,Low Readiness/Capability,Very Low Readiness/Capability,Low Readiness/Capability,Low Readiness/Capability,Low Readiness/Capability,Moderate Readiness/Capability,Low Readiness/Capability,Very Low Readiness/Capability,Low Readiness/Capability,Low Readiness/Capability,Moderate Readiness/Capability,Moderate Readiness/Capability,Low Readiness/Capability,Low Readiness/Capability,Low Readiness/Capability,Low Readiness/Capability,Level 2: Developing/Repeatable,Level 2: Developing/Repeatable,Level 2: Developing/Repeatable,Level 2: Developing/Repeatable,Level 1: Initial/Ad Hoc,Level 2: Developing/Repeatable,Level 1: Initial/Ad Hoc,Level 1: Initial/Ad Hoc,Level 2: Developing/Repeatable,"For the most part I think everything has been covered in this survey. For my company in particular, our main hurdle has been getting older employees on board with new processes and technology, as they’re very comfortable and set in their ways. Many of our employees have been with the company for 20+ years. We’re primarily trying to advance our technologies and processes in order to keep up with competitors, so there’s been a learning curve and some resistance. Given the nature of our industry (primarily healthcare), we also have encountered a great deal of push back from employees and customers alike as it relates to cyber security and the handling of PII and other sensitive information. It’s just been a lot of changes all at once, so there’s been some growing pains.",complete,,,69c17630acada6abeead2da5,69c1b88a0716491f66300d0a,prolific,https://app.prolific.com/submissions/complete?cc=CQ9PVTWX,,Unknown,0,,0,,0,,
2026-03-23,2026-03-23,IP Address,100,1069,True,2026-03-23,dc71e193051f4a2aa8fadb076a1e302b,anonymous,,"CISO (e.g., Director of Cybersecurity, Chief Security Officer)",,I am the primary decision-maker for technology adoption in my area of responsibility,"Professional, Scientific, and Technical Services",,1000-4999,For-Profit,$1B+,$10M-$49M,United States,Regional,Moderate Barrier,Not a Barrier,Not a Barrier,Not a Barrier,Minor Barrier,Minor Barrier,Moderate Barrier,Not a Barrier,Minor Barrier,Moderate Barrier,Not a Barrier,Minor Barrier,Major Barrier,Moderate Barrier,Moderate Barrier,Minor Barrier,Minor Barrier,Significant Barrier,Minor Barrier,,,,,,,Difficulty integrating new technologies with existing legacy systems.,,,,,,Concerns about cybersecurity risks associated with new technologies.,Concerns about data privacy compliance related to new technologies.,,,,,High Readiness/Capability,High Readiness/Capability,High Readiness/Capability,Very High Readiness/Capability,High Readiness/Capability,Very High Readiness/Capability,Very High Readiness/Capability,High Readiness/Capability,High Readiness/Capability,Moderate Readiness/Capability,Very High Readiness/Capability,High Readiness/Capability,Very High Readiness/Capability,High Readiness/Capability,Moderate Readiness/Capability,Moderate Readiness/Capability,Very High Readiness/Capability,Low Readiness/Capability,Level 4: Managed/Quantitatively Managed,Level 4: Managed/Quantitatively Managed,Level 4: Managed/Quantitatively Managed,Level 5: Optimizing/Innovating,Level 5: Optimizing/Innovating,Level 5: Optimizing/Innovating,Level 5: Optimizing/Innovating,Level 5: Optimizing/Innovating,Level 2: Developing/Repeatable,"N/A ..
I'm my professional opinion, this study was very good and clear in outlining most, if not all of the potential barriers regarding tech adoption.
I appreciate the opportunity for involvement. ",complete,,,69c17630acada6abeead2da5,69c1badfd1453c19cb9cbcfb,prolific,https://app.prolific.com/submissions/complete?cc=CQ9PVTWX,,Unknown,0,,0,,0,,
2026-03-23,2026-03-23,IP Address,100,730,True,2026-03-23,beede633b9a477009844b25265d97eea,anonymous,,"CSO (e.g., Director of Strategic Planning, Policy Director, Chief Strategy Officer)",,I am the primary decision-maker for technology adoption in my area of responsibility,Information,,10000+,For-Profit,$50M-$99M,$10M-$49M,United States,International,Moderate Barrier,Not a Barrier,Not a Barrier,Significant Barrier,Significant Barrier,Significant Barrier,Major Barrier,Minor Barrier,Moderate Barrier,Minor Barrier,Minor Barrier,Significant Barrier,Not a Barrier,Minor Barrier,Minor Barrier,Minor Barrier,Minor Barrier,Significant Barrier,Major Barrier,,,,,Inadequate training programs for new technologies.,,Difficulty integrating new technologies with existing legacy systems.,,,,,New technologies disrupting existing workflows or processes significantly.,,,,,,,High Readiness/Capability,High Readiness/Capability,Moderate Readiness/Capability,Moderate Readiness/Capability,Very High Readiness/Capability,Moderate Readiness/Capability,Low Readiness/Capability,Moderate Readiness/Capability,Low Readiness/Capability,Low Readiness/Capability,Moderate Readiness/Capability,High Readiness/Capability,High Readiness/Capability,Very High Readiness/Capability,Low Readiness/Capability,Moderate Readiness/Capability,Moderate Readiness/Capability,Low Readiness/Capability,Level 4: Managed/Quantitatively Managed,Level 2: Developing/Repeatable,Level 3: Defined/Standardized,Level 5: Optimizing/Innovating,Level 5: Optimizing/Innovating,Level 3: Defined/Standardized,Level 4: Managed/Quantitatively Managed,Level 4: Managed/Quantitatively Managed,Level 2: Developing/Repeatable,There are no other significant barriers. The survey did a good job of covering all the factors I can think of.,complete,,,69c17630acada6abeead2da5,69c1bd69a19735ad64ab3373,prolific,https://app.prolific.com/submissions/complete?cc=CQ9PVTWX,,Unknown,0,,0,,0,,
2026-03-23,2026-03-23,IP Address,100,1674,True,2026-03-23,027331a091d5d687beafd7ef5dd2473c,anonymous,,Other (please specify),Director - AI & Operational Analytics,I am one of several key decision-makers who collectively decide on technology adoption,Other (please specify),Software,1000-4999,For-Profit,$500M-$999M,<$10M,International,International,Moderate Barrier,Significant Barrier,Minor Barrier,Minor Barrier,Moderate Barrier,Minor Barrier,Not a Barrier,Not a Barrier,Major Barrier,Significant Barrier,Major Barrier,Not a Barrier,Minor Barrier,Moderate Barrier,Moderate Barrier,Minor Barrier,Not a Barrier,Not a Barrier,Major Barrier,,,,,,,,,"Difficulty demonstrating clear value (e.g., mission impact, public value, cost-effectiveness) for new technology investments.",Lack of a clear strategy or roadmap for technology adoption.,Insufficient governance processes for selecting and managing new technologies.,,,,,,,,Low Readiness/Capability,Low Readiness/Capability,Moderate Readiness/Capability,Moderate Readiness/Capability,Moderate Readiness/Capability,Moderate Readiness/Capability,Low Readiness/Capability,Low Readiness/Capability,Moderate Readiness/Capability,Moderate Readiness/Capability,Low Readiness/Capability,Very Low Readiness/Capability,Low Readiness/Capability,Moderate Readiness/Capability,Low Readiness/Capability,Low Readiness/Capability,Moderate Readiness/Capability,Low Readiness/Capability,Level 3: Defined/Standardized,Level 3: Defined/Standardized,Level 3: Defined/Standardized,Level 3: Defined/Standardized,Level 4: Managed/Quantitatively Managed,Level 3: Defined/Standardized,Level 3: Defined/Standardized,Level 2: Developing/Repeatable,Level 2: Developing/Repeatable,"First of all, very interesting survey questions and topic areas.

I think my organization might be similar to many others in the software field. We develop lots of cutting edge technology like AI in our products, however adopting the same types of things into the systems we use internally is a bit more problematic.

There is pressure to adopt more technology to achieve more organizational efficiency but we struggle to come up with ways to identify the right systems and how to measure the ROI. We have ended up with fragmented use cases of new technology that never should have been purchased without doing a proof on concept to see if it will do what we need it to organization-wide. 

I think more organizations are getting pressure from all different levels to integrate something with AI. The issue is many of the AI use cases haven't demonstrated consistent ROI. My particular area is AI related and we focus on very specific usage within our product. Going out and buying some new technology that says it has AI capability can be quite a leap of faith unless it is an established vendor.

 ",complete,,,69c17630acada6abeead2da5,69c1bab8e2ae64828e9c2f75,prolific,https://app.prolific.com/submissions/complete?cc=CQ9PVTWX,,Unknown,0,,0,,0,,
2026-03-23,2026-03-23,IP Address,100,924,True,2026-03-23,326ecd734667a670062bdc9e56e5952d,anonymous,,Other (please specify),Director of Regulatory and Compliance,I am one of several key decision-makers who collectively decide on technology adoption,Manufacturing,,100-499,For-Profit,$10M-$49M,$10M-$49M,United States,National,Significant Barrier,Moderate Barrier,Not a Barrier,Minor Barrier,Moderate Barrier,Significant Barrier,Major Barrier,Moderate Barrier,Moderate Barrier,Significant Barrier,Moderate Barrier,Significant Barrier,Minor Barrier,Minor Barrier,Moderate Barrier,Moderate Barrier,Minor Barrier,Minor Barrier,Major Barrier,Resistance to change among employees or middle management.,,,,,High cost associated with acquiring or implementing new technologies.,,,,,,New technologies disrupting existing workflows or processes significantly.,,,,,,,Low Readiness/Capability,Moderate Readiness/Capability,Low Readiness/Capability,Moderate Readiness/Capability,High Readiness/Capability,Very Low Readiness/Capability,Very Low Readiness/Capability,Low Readiness/Capability,Moderate Readiness/Capability,Very Low Readiness/Capability,Low Readiness/Capability,Low Readiness/Capability,Low Readiness/Capability,Low Readiness/Capability,Moderate Readiness/Capability,Low Readiness/Capability,Moderate Readiness/Capability,Low Readiness/Capability,Level 3: Defined/Standardized,Level 4: Managed/Quantitatively Managed,Level 3: Defined/Standardized,Level 2: Developing/Repeatable,Level 3: Defined/Standardized,Level 3: Defined/Standardized,Level 2: Developing/Repeatable,Level 2: Developing/Repeatable,Level 2: Developing/Repeatable,N/A Thank you,complete,,,69c17630acada6abeead2da5,69c1bdf1a95775b6cf0932c4,prolific,https://app.prolific.com/submissions/complete?cc=CQ9PVTWX,,Unknown,0,,0,,0,,
2026-03-23,2026-03-23,IP Address,100,410,True,2026-03-23,51eac329aa87754b19e638d5e748a1f7,anonymous,,Other (please specify),General Counsel,I am one of several key decision-makers who collectively decide on technology adoption,Public Education (K-12/Higher Ed),,500-999,Non-Profit,$10M-$49M,$10M-$49M,United States,Regional,Significant Barrier,Moderate Barrier,Significant Barrier,Significant Barrier,Moderate Barrier,Major Barrier,Significant Barrier,Significant Barrier,Moderate Barrier,Moderate Barrier,Not a Barrier,Moderate Barrier,Significant Barrier,Significant Barrier,Not a Barrier,Moderate Barrier,Moderate Barrier,Significant Barrier,Moderate Barrier,,,,,,High cost associated with acquiring or implementing new technologies.,Difficulty integrating new technologies with existing legacy systems.,,,Lack of a clear strategy or roadmap for technology adoption.,,,,,,,,,Low Readiness/Capability,Moderate Readiness/Capability,Moderate Readiness/Capability,Moderate Readiness/Capability,Low Readiness/Capability,Low Readiness/Capability,Moderate Readiness/Capability,Moderate Readiness/Capability,Low Readiness/Capability,Low Readiness/Capability,Moderate Readiness/Capability,High Readiness/Capability,Moderate Readiness/Capability,High Readiness/Capability,Moderate Readiness/Capability,Low Readiness/Capability,Low Readiness/Capability,Low Readiness/Capability,Level 3: Defined/Standardized,Level 3: Defined/Standardized,Level 2: Developing/Repeatable,Level 4: Managed/Quantitatively Managed,Level 4: Managed/Quantitatively Managed,Level 3: Defined/Standardized,Level 2: Developing/Repeatable,Level 3: Defined/Standardized,Level 2: Developing/Repeatable,I believe this study adequately covered all aspects.,complete,,,69c17630acada6abeead2da5,69c1c4c0e72159c37464304f,prolific,https://app.prolific.com/submissions/complete?cc=CQ9PVTWX,,Unknown,0,,0,,0,,
2026-03-23,2026-03-23,IP Address,100,1785,True,2026-03-23,2b8cd472a287aae2d95a3d0b3fb3feef,anonymous,,"CIO (e.g., Director of IT)",,I am one of several key decision-makers who collectively decide on technology adoption,Manufacturing,,10000+,For-Profit,$1B+,$100M-$499M,United States,International,Moderate Barrier,Moderate Barrier,Moderate Barrier,Moderate Barrier,Moderate Barrier,Significant Barrier,Major Barrier,Minor Barrier,Moderate Barrier,Moderate Barrier,Significant Barrier,Significant Barrier,Moderate Barrier,Moderate Barrier,Significant Barrier,Major Barrier,Significant Barrier,Moderate Barrier,Major Barrier,,,,,,,Difficulty integrating new technologies with existing legacy systems.,,,,,New technologies disrupting existing workflows or processes significantly.,,,,Uncertainty or complexity related to regulatory requirements.,,,Moderate Readiness/Capability,Moderate Readiness/Capability,Moderate Readiness/Capability,Moderate Readiness/Capability,Moderate Readiness/Capability,Moderate Readiness/Capability,Moderate Readiness/Capability,Moderate Readiness/Capability,High Readiness/Capability,Low Readiness/Capability,Moderate Readiness/Capability,Moderate Readiness/Capability,Low Readiness/Capability,High Readiness/Capability,Moderate Readiness/Capability,Low Readiness/Capability,Moderate Readiness/Capability,Low Readiness/Capability,Level 2: Developing/Repeatable,Level 3: Defined/Standardized,Level 3: Defined/Standardized,Level 2: Developing/Repeatable,Level 3: Defined/Standardized,Level 3: Defined/Standardized,Level 3: Defined/Standardized,Level 2: Developing/Repeatable,Level 2: Developing/Repeatable,No,complete,,,69c17630acada6abeead2da5,69c1c065d2c1ff62f8ff0ada,prolific,https://app.prolific.com/submissions/complete?cc=CQ9PVTWX,,Unknown,0,,0,,0,,
2026-03-23,2026-03-23,IP Address,100,2804,True,2026-03-23,1f80ac5d634ee05badcf8e6f8ba4a181,anonymous,,"CRO (e.g., Director of Budget/Finance, Director of Development/Fundraising, Head of Revenue Operations)",,I am one of several key decision-makers who collectively decide on technology adoption,"Professional, Scientific, and Technical Services",,10000+,For-Profit,$1B+,$100M-$499M,United States,National,Minor Barrier,Significant Barrier,Moderate Barrier,Significant Barrier,Significant Barrier,Moderate Barrier,Moderate Barrier,Significant Barrier,Significant Barrier,Significant Barrier,Moderate Barrier,Moderate Barrier,Significant Barrier,Moderate Barrier,Minor Barrier,Major Barrier,Minor Barrier,Significant Barrier,Major Barrier,,,Organizational culture that discourages risk-taking or experimentation with new technologies.,,,High cost associated with acquiring or implementing new technologies.,,,,,,,,,,,,Difficulty finding reliable technology vendors or partners.,High Readiness/Capability,Very High Readiness/Capability,High Readiness/Capability,Low Readiness/Capability,Moderate Readiness/Capability,Low Readiness/Capability,Moderate Readiness/Capability,Low Readiness/Capability,Moderate Readiness/Capability,Moderate Readiness/Capability,Very High Readiness/Capability,Moderate Readiness/Capability,High Readiness/Capability,High Readiness/Capability,Low Readiness/Capability,High Readiness/Capability,High Readiness/Capability,Low Readiness/Capability,Level 3: Defined/Standardized,Level 3: Defined/Standardized,Level 4: Managed/Quantitatively Managed,Level 3: Defined/Standardized,Level 4: Managed/Quantitatively Managed,Level 3: Defined/Standardized,Level 4: Managed/Quantitatively Managed,Level 3: Defined/Standardized,Level 2: Developing/Repeatable,,complete,,,69c17630acada6abeead2da5,69c1bd3a12b6ad2847beb930,prolific,https://app.prolific.com/submissions/complete?cc=CQ9PVTWX,,,0,,0,,0.07142857142857142,QID225,
2026-03-23,2026-03-23,IP Address,100,628,True,2026-03-23,baebeebc8f1f55faa93bab0a4050092e,anonymous,,Other (please specify),Director of Quality,I am one of several key decision-makers who collectively decide on technology adoption,Manufacturing,,500-999,For-Profit,$10M-$49M,<$10M,United States,International,Minor Barrier,Minor Barrier,Minor Barrier,Minor Barrier,Minor Barrier,Moderate Barrier,Moderate Barrier,Moderate Barrier,Moderate Barrier,Moderate Barrier,Moderate Barrier,Minor Barrier,Moderate Barrier,Moderate Barrier,Moderate Barrier,Moderate Barrier,Minor Barrier,Moderate Barrier,Minor Barrier,,,,,,High cost associated with acquiring or implementing new technologies.,,"Inadequate IT infrastructure (e.g., network, storage, computing power) to support new technologies.","Difficulty demonstrating clear value (e.g., mission impact, public value, cost-effectiveness) for new technology investments.",,,,,,,,,,Low Readiness/Capability,Low Readiness/Capability,Moderate Readiness/Capability,Moderate Readiness/Capability,Moderate Readiness/Capability,Moderate Readiness/Capability,Low Readiness/Capability,Moderate Readiness/Capability,Low Readiness/Capability,Low Readiness/Capability,Moderate Readiness/Capability,Low Readiness/Capability,Moderate Readiness/Capability,Moderate Readiness/Capability,Moderate Readiness/Capability,Low Readiness/Capability,Low Readiness/Capability,Low Readiness/Capability,Level 2: Developing/Repeatable,Level 3: Defined/Standardized,Level 3: Defined/Standardized,Level 3: Defined/Standardized,Level 2: Developing/Repeatable,Level 3: Defined/Standardized,Level 3: Defined/Standardized,Level 3: Defined/Standardized,Level 2: Developing/Repeatable,The acknowledgement by upper management that significant infrastructure projects are necessary for IT support. ,complete,,,69c17630acada6abeead2da5,69c1ca0df97a90d7ac00e736,prolific,https://app.prolific.com/submissions/complete?cc=CQ9PVTWX,,Unknown,0,,0,,0,,
2026-03-23,2026-03-23,IP Address,100,414,True,2026-03-23,d582c5f1b8141937701785cc5a1d8a59,anonymous,,"COO (e.g., Deputy Director, Chief of Staff, Assistant Secretary for Administration)",,I am the primary decision-maker for technology adoption in my area of responsibility,"Professional, Scientific, and Technical Services",,100-499,For-Profit,<$10M,<$10M,International,International,Not a Barrier,Minor Barrier,Minor Barrier,Minor Barrier,Minor Barrier,Moderate Barrier,Moderate Barrier,Minor Barrier,Minor Barrier,Not a Barrier,Not a Barrier,Minor Barrier,Significant Barrier,Moderate Barrier,Minor Barrier,Minor Barrier,Minor Barrier,Moderate Barrier,Major Barrier,,,,,,High cost associated with acquiring or implementing new technologies.,,,,,,,,Concerns about data privacy compliance related to new technologies.,,,,Difficulty finding reliable technology vendors or partners.,Moderate Readiness/Capability,Moderate Readiness/Capability,Moderate Readiness/Capability,Moderate Readiness/Capability,Moderate Readiness/Capability,Moderate Readiness/Capability,High Readiness/Capability,Low Readiness/Capability,Moderate Readiness/Capability,Moderate Readiness/Capability,Moderate Readiness/Capability,Low Readiness/Capability,Moderate Readiness/Capability,Moderate Readiness/Capability,Moderate Readiness/Capability,Moderate Readiness/Capability,Low Readiness/Capability,Low Readiness/Capability,Level 4: Managed/Quantitatively Managed,Level 4: Managed/Quantitatively Managed,Level 5: Optimizing/Innovating,Level 5: Optimizing/Innovating,Level 4: Managed/Quantitatively Managed,Level 5: Optimizing/Innovating,Level 4: Managed/Quantitatively Managed,Level 4: Managed/Quantitatively Managed,Level 2: Developing/Repeatable,,complete,,,69c17630acada6abeead2da5,69c1ce89cf17aa6fb7864510,prolific,https://app.prolific.com/submissions/complete?cc=CQ9PVTWX,,,0,,0,,0.07142857142857142,QID225,
2026-03-23,2026-03-23,IP Address,100,941,True,2026-03-23,2b5a258e174e8ae9b2b771297abac8d1,anonymous,,"CRO (e.g., Director of Budget/Finance, Director of Development/Fundraising, Head of Revenue Operations)",,"I provide significant input and recommendations, but final decisions are made by others",Public Education (K-12/Higher Ed),,1000-4999,Non-Profit,$100M-$499M,<$10M,United States,National,Significant Barrier,Moderate Barrier,Significant Barrier,Significant Barrier,Minor Barrier,Significant Barrier,Major Barrier,Significant Barrier,Minor Barrier,Significant Barrier,Moderate Barrier,Moderate Barrier,Minor Barrier,Minor Barrier,Moderate Barrier,Minor Barrier,Minor Barrier,Minor Barrier,Major Barrier,,,,,,High cost associated with acquiring or implementing new technologies.,Difficulty integrating new technologies with existing legacy systems.,"Inadequate IT infrastructure (e.g., network, storage, computing power) to support new technologies.",,,,,,,,,,,Moderate Readiness/Capability,Moderate Readiness/Capability,Moderate Readiness/Capability,Low Readiness/Capability,Moderate Readiness/Capability,Low Readiness/Capability,Moderate Readiness/Capability,Moderate Readiness/Capability,Moderate Readiness/Capability,Very Low Readiness/Capability,Low Readiness/Capability,Low Readiness/Capability,Moderate Readiness/Capability,Don't Know,Moderate Readiness/Capability,Low Readiness/Capability,Low Readiness/Capability,Low Readiness/Capability,Level 3: Defined/Standardized,Level 4: Managed/Quantitatively Managed,Level 4: Managed/Quantitatively Managed,Level 3: Defined/Standardized,Level 4: Managed/Quantitatively Managed,Level 3: Defined/Standardized,Level 3: Defined/Standardized,Level 3: Defined/Standardized,Level 2: Developing/Repeatable,"No, I think the barriers were all covered, but I would reiterate that I think our biggest problems are both financial (the expense of the technology) but also our lack of ability to make current systems effectively ""talk"" and work correctly with new technology without it taking months and months and/or additional labor / headaches.",complete,,,69c17630acada6abeead2da5,69c1cc90dbde8f2ab03f0ee0,prolific,https://app.prolific.com/submissions/complete?cc=CQ9PVTWX,,Unknown,0,,0,,0,,
2026-03-23,2026-03-23,IP Address,100,776,True,2026-03-23,56b26cd8da3c1ea1871f58618df5e8ee,anonymous,,Other (please specify),Senior Director of Client Relations,I am one of several key decision-makers who collectively decide on technology adoption,Other (please specify),Telecommunications,1000-4999,For-Profit,$10M-$49M,<$10M,United States,National,Not a Barrier,Moderate Barrier,Not a Barrier,Moderate Barrier,Moderate Barrier,Not a Barrier,Not a Barrier,Not a Barrier,Not a Barrier,Minor Barrier,Not a Barrier,Not a Barrier,Not a Barrier,Not a Barrier,Not a Barrier,Not a Barrier,Not a Barrier,Not a Barrier,Not a Barrier,,"Lack of support or clear vision from top leadership (including the board, e.g., governing body, oversight committee).",,Insufficient skills or expertise within the workforce to utilize new technologies effectively.,Inadequate training programs for new technologies.,,,,,,,,,,,,,,Low Readiness/Capability,High Readiness/Capability,High Readiness/Capability,High Readiness/Capability,High Readiness/Capability,Low Readiness/Capability,Low Readiness/Capability,Very High Readiness/Capability,High Readiness/Capability,Very High Readiness/Capability,Moderate Readiness/Capability,High Readiness/Capability,Moderate Readiness/Capability,Very High Readiness/Capability,Moderate Readiness/Capability,Very High Readiness/Capability,High Readiness/Capability,Low Readiness/Capability,Level 4: Managed/Quantitatively Managed,Level 5: Optimizing/Innovating,Level 4: Managed/Quantitatively Managed,Level 5: Optimizing/Innovating,Level 5: Optimizing/Innovating,Level 3: Defined/Standardized,Level 3: Defined/Standardized,Level 2: Developing/Repeatable,Level 2: Developing/Repeatable,N/A,complete,,,69c17630acada6abeead2da5,69c1cde14f21000fdab5dfaf,prolific,https://app.prolific.com/submissions/complete?cc=CQ9PVTWX,,Unknown,0,,0,,0,,
2026-03-23,2026-03-24,IP Address,100,719,True,2026-03-24,af4ce68e95e72a5879c9e5d0809d8a07,anonymous,,"CHRO (e.g., Chief Human Capital Officer (CHCO), Director of Human Resources, Personnel Director)",,I am the primary decision-maker for technology adoption in my area of responsibility,Transportation and Warehousing,,1000-4999,For-Profit,$500M-$999M,$100M-$499M,United States,National,Minor Barrier,Not a Barrier,Not a Barrier,Not a Barrier,Not a Barrier,Not a Barrier,Not a Barrier,Minor Barrier,Not a Barrier,Not a Barrier,Not a Barrier,Not a Barrier,Moderate Barrier,Minor Barrier,Not a Barrier,Not a Barrier,Minor Barrier,Minor Barrier,Not a Barrier,,,,,,High cost associated with acquiring or implementing new technologies.,,,,,,,,Concerns about data privacy compliance related to new technologies.,,,"Pressure to adopt technology due to external factors (e.g., mandates, public expectations, peer agency actions), without adequate internal readiness.",,High Readiness/Capability,High Readiness/Capability,Moderate Readiness/Capability,High Readiness/Capability,High Readiness/Capability,High Readiness/Capability,Very High Readiness/Capability,High Readiness/Capability,High Readiness/Capability,Moderate Readiness/Capability,High Readiness/Capability,Moderate Readiness/Capability,High Readiness/Capability,High Readiness/Capability,Low Readiness/Capability,High Readiness/Capability,Moderate Readiness/Capability,Low Readiness/Capability,Level 3: Defined/Standardized,Level 4: Managed/Quantitatively Managed,Level 5: Optimizing/Innovating,Level 4: Managed/Quantitatively Managed,Level 5: Optimizing/Innovating,Level 4: Managed/Quantitatively Managed,Level 4: Managed/Quantitatively Managed,Level 3: Defined/Standardized,Level 2: Developing/Repeatable,None,complete,,,69c17630acada6abeead2da5,69c1d230ceb703837bd21a91,prolific,https://app.prolific.com/submissions/complete?cc=CQ9PVTWX,,Unknown,0,,0,,0,,
2026-03-23,2026-03-24,IP Address,100,723,True,2026-03-24,00ab507bd98fb28bdf22987bfd625a31,anonymous,,"CMO (e.g., Director of Communications, Public Affairs Officer, Chief Marketing & Communications Officer)",,"I provide significant input and recommendations, but final decisions are made by others","Arts, Entertainment, and Recreation",,10000+,For-Profit,$1B+,$10M-$49M,United States,International,Minor Barrier,Moderate Barrier,Minor Barrier,Moderate Barrier,Minor Barrier,Minor Barrier,Moderate Barrier,Minor Barrier,Moderate Barrier,Moderate Barrier,Minor Barrier,Minor Barrier,Significant Barrier,Major Barrier,Minor Barrier,Significant Barrier,Minor Barrier,Minor Barrier,Major Barrier,,,,,,,,,,Lack of a clear strategy or roadmap for technology adoption.,,,Concerns about cybersecurity risks associated with new technologies.,Concerns about data privacy compliance related to new technologies.,,,,,Low Readiness/Capability,Low Readiness/Capability,Moderate Readiness/Capability,Moderate Readiness/Capability,Low Readiness/Capability,Moderate Readiness/Capability,Moderate Readiness/Capability,Low Readiness/Capability,High Readiness/Capability,Moderate Readiness/Capability,Moderate Readiness/Capability,High Readiness/Capability,Moderate Readiness/Capability,Moderate Readiness/Capability,Moderate Readiness/Capability,Moderate Readiness/Capability,High Readiness/Capability,Low Readiness/Capability,Level 4: Managed/Quantitatively Managed,Level 4: Managed/Quantitatively Managed,Level 4: Managed/Quantitatively Managed,Level 4: Managed/Quantitatively Managed,Level 4: Managed/Quantitatively Managed,Level 5: Optimizing/Innovating,Level 3: Defined/Standardized,Level 3: Defined/Standardized,Level 2: Developing/Repeatable,,complete,,,69c17630acada6abeead2da5,69c1d321e6561f660fe34461,prolific,https://app.prolific.com/submissions/complete?cc=CQ9PVTWX,,,0,,0,,0.07142857142857142,QID225,
2026-03-24,2026-03-24,IP Address,100,779,True,2026-03-24,f282b7d89a2b7696f2affbfa463bd831,anonymous,,"CSO (e.g., Director of Strategic Planning, Policy Director, Chief Strategy Officer)",,I am one of several key decision-makers who collectively decide on technology adoption,Transportation and Warehousing,,<100,For-Profit,$10M-$49M,<$10M,United States,Regional,Minor Barrier,Minor Barrier,Not a Barrier,Significant Barrier,Significant Barrier,Minor Barrier,Moderate Barrier,Moderate Barrier,Minor Barrier,Minor Barrier,Not a Barrier,Not a Barrier,Moderate Barrier,Moderate Barrier,Moderate Barrier,Moderate Barrier,Moderate Barrier,Major Barrier,Major Barrier,,,,,Inadequate training programs for new technologies.,,,,,,,,,,Lack of trust in the reliability or performance of new technologies or vendors.,,,Difficulty finding reliable technology vendors or partners.,Moderate Readiness/Capability,Moderate Readiness/Capability,Don't Know,High Readiness/Capability,Moderate Readiness/Capability,Low Readiness/Capability,Very Low Readiness/Capability,Moderate Readiness/Capability,Moderate Readiness/Capability,Moderate Readiness/Capability,Very Low Readiness/Capability,Don't Know,Moderate Readiness/Capability,Moderate Readiness/Capability,Moderate Readiness/Capability,Don't Know,High Readiness/Capability,Low Readiness/Capability,Level 4: Managed/Quantitatively Managed,Level 3: Defined/Standardized,Level 4: Managed/Quantitatively Managed,Level 2: Developing/Repeatable,Level 4: Managed/Quantitatively Managed,Level 4: Managed/Quantitatively Managed,Level 3: Defined/Standardized,Level 4: Managed/Quantitatively Managed,Level 2: Developing/Repeatable,N/A,complete,,,69c17630acada6abeead2da5,69c1d4affdf5d36a57147288,prolific,https://app.prolific.com/submissions/complete?cc=CQ9PVTWX,,Unknown,0,,0,,0,,
2026-03-24,2026-03-24,IP Address,100,422,True,2026-03-24,1e08250788ba7eb1173cc30c245fe356,anonymous,,"CRO (e.g., Director of Budget/Finance, Director of Development/Fundraising, Head of Revenue Operations)",,I have no direct involvement in technology adoption decisions,Non-Profit Organization (Non-Governmental),,100-499,Non-Profit,$50M-$99M,<$10M,United States,Regional,Minor Barrier,Moderate Barrier,Minor Barrier,Moderate Barrier,Moderate Barrier,Significant Barrier,Significant Barrier,Not a Barrier,Minor Barrier,Not a Barrier,Moderate Barrier,Moderate Barrier,Moderate Barrier,Minor Barrier,Not a Barrier,Not a Barrier,Moderate Barrier,Minor Barrier,Moderate Barrier,,,,,Inadequate training programs for new technologies.,,Difficulty integrating new technologies with existing legacy systems.,,,,,New technologies disrupting existing workflows or processes significantly.,,,,,,,High Readiness/Capability,High Readiness/Capability,Moderate Readiness/Capability,Moderate Readiness/Capability,Moderate Readiness/Capability,High Readiness/Capability,Moderate Readiness/Capability,Moderate Readiness/Capability,Very High Readiness/Capability,High Readiness/Capability,High Readiness/Capability,Very High Readiness/Capability,Moderate Readiness/Capability,High Readiness/Capability,Moderate Readiness/Capability,High Readiness/Capability,High Readiness/Capability,Low Readiness/Capability,Level 2: Developing/Repeatable,Level 2: Developing/Repeatable,Level 2: Developing/Repeatable,Level 4: Managed/Quantitatively Managed,Level 3: Defined/Standardized,Level 4: Managed/Quantitatively Managed,Level 3: Defined/Standardized,Level 3: Defined/Standardized,Level 2: Developing/Repeatable,,complete,,,69c17630acada6abeead2da5,69c1dc133a7ed89fd2cdf00c,prolific,https://app.prolific.com/submissions/complete?cc=CQ9PVTWX,,,0,,0,,0.07142857142857142,QID225,
2026-03-24,2026-03-24,IP Address,100,1516,True,2026-03-24,864a30e8aa5c496bb067327b0402be8b,anonymous,,"CIO (e.g., Director of IT)",,I have limited involvement — I primarily implement technology decisions made by leadership,"Professional, Scientific, and Technical Services",,500-999,For-Profit,$1B+,$10M-$49M,United States,National,Moderate Barrier,Moderate Barrier,Moderate Barrier,Minor Barrier,Moderate Barrier,Significant Barrier,Moderate Barrier,Moderate Barrier,Minor Barrier,Moderate Barrier,Moderate Barrier,Significant Barrier,Significant Barrier,Major Barrier,Moderate Barrier,Significant Barrier,Moderate Barrier,Moderate Barrier,Moderate Barrier,,,Organizational culture that discourages risk-taking or experimentation with new technologies.,,,,,,,,,,,Concerns about data privacy compliance related to new technologies.,,Uncertainty or complexity related to regulatory requirements.,,,Moderate Readiness/Capability,Moderate Readiness/Capability,Moderate Readiness/Capability,Moderate Readiness/Capability,Moderate Readiness/Capability,Moderate Readiness/Capability,Moderate Readiness/Capability,Moderate Readiness/Capability,Moderate Readiness/Capability,Moderate Readiness/Capability,Moderate Readiness/Capability,Moderate Readiness/Capability,Moderate Readiness/Capability,Moderate Readiness/Capability,Moderate Readiness/Capability,Moderate Readiness/Capability,Moderate Readiness/Capability,Low Readiness/Capability,Level 4: Managed/Quantitatively Managed,Level 4: Managed/Quantitatively Managed,Level 4: Managed/Quantitatively Managed,Level 4: Managed/Quantitatively Managed,Level 4: Managed/Quantitatively Managed,Level 4: Managed/Quantitatively Managed,Level 4: Managed/Quantitatively Managed,Level 4: Managed/Quantitatively Managed,Level 2: Developing/Repeatable,,complete,,,69c17630acada6abeead2da5,69c1dbb353eee84043bf2b9a,prolific,https://app.prolific.com/submissions/complete?cc=CQ9PVTWX,,,0,,0,,0.07142857142857142,QID225,
2026-03-24,2026-03-24,IP Address,100,1076,True,2026-03-24,e99753e9c29feeb7f5838286d62dbea5,anonymous,,Other (please specify),Regional SVP,"I provide significant input and recommendations, but final decisions are made by others",Other (please specify),BtoB and BtoC,1000-4999,For-Profit,$1B+,<$10M,United States,National,Moderate Barrier,Not a Barrier,Minor Barrier,Minor Barrier,Minor Barrier,Significant Barrier,Significant Barrier,Significant Barrier,Moderate Barrier,Significant Barrier,Significant Barrier,Significant Barrier,Major Barrier,Major Barrier,Minor Barrier,Not a Barrier,Minor Barrier,Minor Barrier,Major Barrier,,,,,,High cost associated with acquiring or implementing new technologies.,,,,,,New technologies disrupting existing workflows or processes significantly.,,Concerns about data privacy compliance related to new technologies.,,,,,Moderate Readiness/Capability,Moderate Readiness/Capability,High Readiness/Capability,Low Readiness/Capability,Moderate Readiness/Capability,Moderate Readiness/Capability,Low Readiness/Capability,Moderate Readiness/Capability,Moderate Readiness/Capability,Low Readiness/Capability,Moderate Readiness/Capability,Moderate Readiness/Capability,Moderate Readiness/Capability,High Readiness/Capability,Moderate Readiness/Capability,Moderate Readiness/Capability,Low Readiness/Capability,Low Readiness/Capability,Level 4: Managed/Quantitatively Managed,Level 3: Defined/Standardized,Level 3: Defined/Standardized,Level 4: Managed/Quantitatively Managed,Level 4: Managed/Quantitatively Managed,Level 4: Managed/Quantitatively Managed,Level 3: Defined/Standardized,Level 2: Developing/Repeatable,Level 2: Developing/Repeatable,"Timeliness. Our organization is large and there are multiple levels of stakeholders that have a voice in the decision to adopt new tech. Technology continues to advance at a faster and faster rate, but my organization's ability to make reasonably timed decisions on technology spend has not kept up, and there is some bureaucratic lag built into the system. Once new tech is onboarded, the integration with existing systems, ramp-up of training and testing, and final rollout take a long time, which makes us unable to act with the flexibility we would like. This unfortunately is part of the problem with a large company. ",complete,,,69c17630acada6abeead2da5,69c1dd55784be0759c7058b7,prolific,https://app.prolific.com/submissions/complete?cc=CQ9PVTWX,,Unknown,1,"QID205,QID206",0,,0,,
2026-03-24,2026-03-24,IP Address,100,924,True,2026-03-24,7ca034508b52124567ef39749b0b9fb3,anonymous,,"CHRO (e.g., Chief Human Capital Officer (CHCO), Director of Human Resources, Personnel Director)",,"I provide significant input and recommendations, but final decisions are made by others",Utilities,,1000-4999,For-Profit,$1B+,<$10M,United States,International,Significant Barrier,Minor Barrier,Not a Barrier,Minor Barrier,Minor Barrier,Significant Barrier,Major Barrier,Minor Barrier,Minor Barrier,Moderate Barrier,Minor Barrier,Moderate Barrier,Significant Barrier,Minor Barrier,Minor Barrier,Not a Barrier,Moderate Barrier,Not a Barrier,Major Barrier,Resistance to change among employees or middle management.,,,,,,Difficulty integrating new technologies with existing legacy systems.,,,,,,Concerns about cybersecurity risks associated with new technologies.,,,,,,Moderate Readiness/Capability,High Readiness/Capability,Low Readiness/Capability,Moderate Readiness/Capability,Moderate Readiness/Capability,Moderate Readiness/Capability,Moderate Readiness/Capability,Low Readiness/Capability,High Readiness/Capability,Very Low Readiness/Capability,Moderate Readiness/Capability,Moderate Readiness/Capability,Moderate Readiness/Capability,Moderate Readiness/Capability,Low Readiness/Capability,Moderate Readiness/Capability,Very High Readiness/Capability,Low Readiness/Capability,Level 3: Defined/Standardized,Level 3: Defined/Standardized,Level 4: Managed/Quantitatively Managed,Level 4: Managed/Quantitatively Managed,Level 4: Managed/Quantitatively Managed,Level 2: Developing/Repeatable,Level 4: Managed/Quantitatively Managed,Level 2: Developing/Repeatable,Level 2: Developing/Repeatable,None,complete,,,69c17630acada6abeead2da5,69c1de409f002314b9aec8bd,prolific,https://app.prolific.com/submissions/complete?cc=CQ9PVTWX,,Unknown,0,,0,,0,,
2026-03-24,2026-03-24,IP Address,100,783,True,2026-03-24,7078b7f650218955ac4d01870aeb72cf,anonymous,,Other (please specify),operations director,"I provide significant input and recommendations, but final decisions are made by others",Manufacturing,,100-499,For-Profit,$10M-$49M,<$10M,United States,National,,,Major Barrier,Major Barrier,,,Major Barrier,,Significant Barrier,Major Barrier,Significant Barrier,Significant Barrier,Minor Barrier,Significant Barrier,Moderate Barrier,Major Barrier,Major Barrier,Significant Barrier,Major Barrier,Resistance to change among employees or middle management.,"Lack of support or clear vision from top leadership (including the board, e.g., governing body, oversight committee).",,,,,,,"Difficulty demonstrating clear value (e.g., mission impact, public value, cost-effectiveness) for new technology investments.",,,,,,,,,,Low Readiness/Capability,Low Readiness/Capability,Low Readiness/Capability,Very Low Readiness/Capability,Low Readiness/Capability,Low Readiness/Capability,Very Low Readiness/Capability,High Readiness/Capability,Low Readiness/Capability,Moderate Readiness/Capability,Low Readiness/Capability,High Readiness/Capability,Moderate Readiness/Capability,Moderate Readiness/Capability,Moderate Readiness/Capability,Moderate Readiness/Capability,Low Readiness/Capability,Low Readiness/Capability,Level 2: Developing/Repeatable,Level 3: Defined/Standardized,Level 3: Defined/Standardized,Level 3: Defined/Standardized,Level 2: Developing/Repeatable,Level 3: Defined/Standardized,Level 3: Defined/Standardized,Level 2: Developing/Repeatable,Level 2: Developing/Repeatable,"To much overload on employees which will lead to burnout and fatigue on employees, which ends up being a waste of time and money if not done correctly.  
Continuous learning of new skills with employees if not taught correctly can be overwhelming for the employees which leads to burnout.",complete,,,69c17630acada6abeead2da5,69c1e26c10f88383a42d104d,prolific,https://app.prolific.com/submissions/complete?cc=CQ9PVTWX,,Unknown,0,,0,,0,,
2026-03-24,2026-03-24,IP Address,100,441,True,2026-03-24,1e979b31d96d31d276dc347e00b57720,anonymous,,"CMO (e.g., Director of Communications, Public Affairs Officer, Chief Marketing & Communications Officer)",,"I provide significant input and recommendations, but final decisions are made by others",Non-Profit Organization (Non-Governmental),,<100,Non-Profit,$10M-$49M,<$10M,United States,National,Minor Barrier,Not a Barrier,Not a Barrier,Not a Barrier,Minor Barrier,Moderate Barrier,Significant Barrier,Moderate Barrier,Minor Barrier,Moderate Barrier,Minor Barrier,Not a Barrier,Major Barrier,Significant Barrier,Moderate Barrier,Not a Barrier,Minor Barrier,Minor Barrier,Minor Barrier,,,,,,,,,,,,,Concerns about cybersecurity risks associated with new technologies.,Concerns about data privacy compliance related to new technologies.,,,,Difficulty finding reliable technology vendors or partners.,High Readiness/Capability,Moderate Readiness/Capability,Moderate Readiness/Capability,High Readiness/Capability,High Readiness/Capability,Moderate Readiness/Capability,Moderate Readiness/Capability,Moderate Readiness/Capability,Moderate Readiness/Capability,Low Readiness/Capability,Moderate Readiness/Capability,Low Readiness/Capability,Moderate Readiness/Capability,Low Readiness/Capability,Low Readiness/Capability,Moderate Readiness/Capability,Moderate Readiness/Capability,Low Readiness/Capability,Level 3: Defined/Standardized,Level 2: Developing/Repeatable,Level 3: Defined/Standardized,Level 2: Developing/Repeatable,Level 2: Developing/Repeatable,Level 3: Defined/Standardized,Level 4: Managed/Quantitatively Managed,Level 4: Managed/Quantitatively Managed,Level 2: Developing/Repeatable,,complete,,,69c17630acada6abeead2da5,69c1ed36082dd158a310cfa6,prolific,https://app.prolific.com/submissions/complete?cc=CQ9PVTWX,,,0,,0,,0.07142857142857142,QID225,
2026-03-24,2026-03-24,IP Address,100,406,True,2026-03-24,4b93df4115bdc362a147e8c978180aa9,anonymous,,"CSO (e.g., Director of Strategic Planning, Policy Director, Chief Strategy Officer)",,I am one of several key decision-makers who collectively decide on technology adoption,"Professional, Scientific, and Technical Services",,100-499,For-Profit,<$10M,<$10M,United States,National,Moderate Barrier,Major Barrier,Significant Barrier,Moderate Barrier,Significant Barrier,Significant Barrier,Significant Barrier,Significant Barrier,Significant Barrier,Significant Barrier,Moderate Barrier,Significant Barrier,Moderate Barrier,Moderate Barrier,Moderate Barrier,Significant Barrier,Significant Barrier,Moderate Barrier,Moderate Barrier,,"Lack of support or clear vision from top leadership (including the board, e.g., governing body, oversight committee).",Organizational culture that discourages risk-taking or experimentation with new technologies.,,,,,,,,,,,,,Uncertainty or complexity related to regulatory requirements.,,,Low Readiness/Capability,Low Readiness/Capability,Low Readiness/Capability,Low Readiness/Capability,Moderate Readiness/Capability,Moderate Readiness/Capability,Low Readiness/Capability,Moderate Readiness/Capability,Low Readiness/Capability,Moderate Readiness/Capability,Moderate Readiness/Capability,Moderate Readiness/Capability,Moderate Readiness/Capability,Low Readiness/Capability,Moderate Readiness/Capability,Low Readiness/Capability,Moderate Readiness/Capability,Low Readiness/Capability,Level 3: Defined/Standardized,Level 3: Defined/Standardized,Level 3: Defined/Standardized,Level 3: Defined/Standardized,Level 3: Defined/Standardized,Level 2: Developing/Repeatable,Level 2: Developing/Repeatable,Level 2: Developing/Repeatable,Level 2: Developing/Repeatable,,complete,,,69c17630acada6abeead2da5,69c1f170981878e729baa4f6,prolific,https://app.prolific.com/submissions/complete?cc=CQ9PVTWX,,,0,,0,,0.07142857142857142,QID225,
2026-03-24,2026-03-24,IP Address,100,724,True,2026-03-24,92efab5ff2b5226b1387303af5ac4b63,anonymous,,"CIO (e.g., Director of IT)",,I am the primary decision-maker for technology adoption in my area of responsibility,Manufacturing,,100-499,For-Profit,$10M-$49M,<$10M,United States,Local,Major Barrier,Major Barrier,Significant Barrier,Significant Barrier,Minor Barrier,Significant Barrier,Major Barrier,Minor Barrier,Moderate Barrier,Minor Barrier,Significant Barrier,Major Barrier,Moderate Barrier,Moderate Barrier,Significant Barrier,Moderate Barrier,Minor Barrier,Moderate Barrier,Major Barrier,Resistance to change among employees or middle management.,,,Insufficient skills or expertise within the workforce to utilize new technologies effectively.,,High cost associated with acquiring or implementing new technologies.,,,,,,,,,,,,,Moderate Readiness/Capability,Low Readiness/Capability,High Readiness/Capability,Low Readiness/Capability,Low Readiness/Capability,Very High Readiness/Capability,Low Readiness/Capability,Low Readiness/Capability,Low Readiness/Capability,Low Readiness/Capability,High Readiness/Capability,Moderate Readiness/Capability,Moderate Readiness/Capability,Low Readiness/Capability,Low Readiness/Capability,Moderate Readiness/Capability,Low Readiness/Capability,Low Readiness/Capability,Level 1: Initial/Ad Hoc,Level 1: Initial/Ad Hoc,Level 2: Developing/Repeatable,Level 3: Defined/Standardized,Level 2: Developing/Repeatable,Level 2: Developing/Repeatable,Level 1: Initial/Ad Hoc,Level 2: Developing/Repeatable,Level 2: Developing/Repeatable,Most of the ideal technology is priced outside of our businesses normal expectations on spend,complete,,,69c17630acada6abeead2da5,69c1f1f93849e0e6d0cdef7e,prolific,https://app.prolific.com/submissions/complete?cc=CQ9PVTWX,,Unknown,0,,0,,0,,
2026-03-24,2026-03-24,IP Address,100,411,True,2026-03-24,c238d6695e0b8d2743e8d32b58255738,anonymous,,"CRO (e.g., Director of Budget/Finance, Director of Development/Fundraising, Head of Revenue Operations)",,I have limited involvement — I primarily implement technology decisions made by leadership,Public Education (K-12/Higher Ed),,100-499,For-Profit,$10M-$49M,$10M-$49M,United States,National,Moderate Barrier,Minor Barrier,Moderate Barrier,Moderate Barrier,Minor Barrier,Significant Barrier,Moderate Barrier,Moderate Barrier,Minor Barrier,Minor Barrier,Moderate Barrier,Minor Barrier,Minor Barrier,Minor Barrier,Minor Barrier,Minor Barrier,Moderate Barrier,Minor Barrier,Moderate Barrier,,,Organizational culture that discourages risk-taking or experimentation with new technologies.,Insufficient skills or expertise within the workforce to utilize new technologies effectively.,,,,,,,,,,,,,"Pressure to adopt technology due to external factors (e.g., mandates, public expectations, peer agency actions), without adequate internal readiness.",,High Readiness/Capability,Moderate Readiness/Capability,Moderate Readiness/Capability,Moderate Readiness/Capability,Moderate Readiness/Capability,Moderate Readiness/Capability,High Readiness/Capability,High Readiness/Capability,High Readiness/Capability,Low Readiness/Capability,Low Readiness/Capability,High Readiness/Capability,Moderate Readiness/Capability,Moderate Readiness/Capability,High Readiness/Capability,Moderate Readiness/Capability,Very High Readiness/Capability,Low Readiness/Capability,Level 1: Initial/Ad Hoc,Level 5: Optimizing/Innovating,Level 4: Managed/Quantitatively Managed,Level 2: Developing/Repeatable,Level 3: Defined/Standardized,Level 3: Defined/Standardized,Level 3: Defined/Standardized,Level 4: Managed/Quantitatively Managed,Level 2: Developing/Repeatable,,complete,,,69c17630acada6abeead2da5,69c1f48743966621c9595ace,prolific,https://app.prolific.com/submissions/complete?cc=CQ9PVTWX,,,0,,0,,0.07142857142857142,QID225,
2026-03-24,2026-03-24,IP Address,100,1056,True,2026-03-24,f46229afee6f5d6344c3c1608b3d83fc,anonymous,,"CHRO (e.g., Chief Human Capital Officer (CHCO), Director of Human Resources, Personnel Director)",,I am the primary decision-maker for technology adoption in my area of responsibility,Retail Trade,,10000+,For-Profit,$1B+,$50M-$99M,United States,National,Minor Barrier,Significant Barrier,Moderate Barrier,Not a Barrier,Minor Barrier,Moderate Barrier,Moderate Barrier,Minor Barrier,Moderate Barrier,Minor Barrier,Significant Barrier,Significant Barrier,Major Barrier,Major Barrier,Minor Barrier,Major Barrier,Minor Barrier,Not a Barrier,Major Barrier,,,,,,High cost associated with acquiring or implementing new technologies.,,,,,,,Concerns about cybersecurity risks associated with new technologies.,Concerns about data privacy compliance related to new technologies.,,,,,Very High Readiness/Capability,Moderate Readiness/Capability,High Readiness/Capability,Don't Know,Moderate Readiness/Capability,Very High Readiness/Capability,Very High Readiness/Capability,High Readiness/Capability,High Readiness/Capability,Very High Readiness/Capability,High Readiness/Capability,Very High Readiness/Capability,Very High Readiness/Capability,Don't Know,Moderate Readiness/Capability,Very High Readiness/Capability,High Readiness/Capability,Low Readiness/Capability,Level 5: Optimizing/Innovating,Level 5: Optimizing/Innovating,Don't Know,Don't Know,Level 4: Managed/Quantitatively Managed,Don't Know,Level 3: Defined/Standardized,Level 4: Managed/Quantitatively Managed,Level 2: Developing/Repeatable,N/A,complete,,,69c17630acada6abeead2da5,69c1f97b700c29730624a505,prolific,https://app.prolific.com/submissions/complete?cc=CQ9PVTWX,,Unknown,0,,0,,0,,
2026-03-24,2026-03-24,IP Address,100,626,True,2026-03-24,4e905d0b826b1bd8168de65c552912df,anonymous,,"COO (e.g., Deputy Director, Chief of Staff, Assistant Secretary for Administration)",,I am one of several key decision-makers who collectively decide on technology adoption,Other (please specify),Telecommunications,100-499,For-Profit,$100M-$499M,$100M-$499M,International,International,Major Barrier,Major Barrier,Major Barrier,Significant Barrier,Moderate Barrier,Moderate Barrier,Major Barrier,Significant Barrier,Minor Barrier,Major Barrier,Moderate Barrier,Significant Barrier,Major Barrier,Moderate Barrier,Significant Barrier,Major Barrier,Significant Barrier,Significant Barrier,Major Barrier,Resistance to change among employees or middle management.,,,,,,Difficulty integrating new technologies with existing legacy systems.,,,Lack of a clear strategy or roadmap for technology adoption.,,,,,,,,,High Readiness/Capability,Moderate Readiness/Capability,Low Readiness/Capability,High Readiness/Capability,Moderate Readiness/Capability,Low Readiness/Capability,High Readiness/Capability,Low Readiness/Capability,Moderate Readiness/Capability,Moderate Readiness/Capability,Moderate Readiness/Capability,Low Readiness/Capability,Moderate Readiness/Capability,Moderate Readiness/Capability,Moderate Readiness/Capability,High Readiness/Capability,Moderate Readiness/Capability,High Readiness/Capability,Level 4: Managed/Quantitatively Managed,Level 4: Managed/Quantitatively Managed,Level 2: Developing/Repeatable,Level 3: Defined/Standardized,Level 4: Managed/Quantitatively Managed,Level 2: Developing/Repeatable,Level 2: Developing/Repeatable,Level 4: Managed/Quantitatively Managed,Level 2: Developing/Repeatable,The most challenging fact is openness from existing employees to digest changes,complete,,,69c17630acada6abeead2da5,69c1ff9bb229db692d678d40,prolific,https://app.prolific.com/submissions/complete?cc=CQ9PVTWX,,Unknown,0,,0,,0,,
2026-03-24,2026-03-24,IP Address,100,985,True,2026-03-24,7b3146a3d2df3b716a4aea453655c025,anonymous,,"CTO (e.g., Director of Technology/Innovation, Chief Scientist)",,I am one of several key decision-makers who collectively decide on technology adoption,Information,,10000+,For-Profit,$1B+,$10M-$49M,United States,National,Minor Barrier,Significant Barrier,Moderate Barrier,Moderate Barrier,Significant Barrier,Major Barrier,Major Barrier,Not a Barrier,Significant Barrier,Moderate Barrier,Minor Barrier,Moderate Barrier,Moderate Barrier,Moderate Barrier,Minor Barrier,Moderate Barrier,Moderate Barrier,Moderate Barrier,Major Barrier,,,,,,High cost associated with acquiring or implementing new technologies.,Difficulty integrating new technologies with existing legacy systems.,,"Difficulty demonstrating clear value (e.g., mission impact, public value, cost-effectiveness) for new technology investments.",,,,,,,,,,Low Readiness/Capability,Low Readiness/Capability,Low Readiness/Capability,Low Readiness/Capability,Moderate Readiness/Capability,Moderate Readiness/Capability,Moderate Readiness/Capability,High Readiness/Capability,Moderate Readiness/Capability,Very Low Readiness/Capability,Moderate Readiness/Capability,Moderate Readiness/Capability,Moderate Readiness/Capability,Low Readiness/Capability,Low Readiness/Capability,Moderate Readiness/Capability,Low Readiness/Capability,Low Readiness/Capability,Level 2: Developing/Repeatable,Level 2: Developing/Repeatable,Level 3: Defined/Standardized,Level 1: Initial/Ad Hoc,Level 2: Developing/Repeatable,Level 2: Developing/Repeatable,Level 2: Developing/Repeatable,Level 3: Defined/Standardized,Level 2: Developing/Repeatable,"I think one of the biggest factors not mentioned here is organizational hierarchy or decision making.  In terms of my organization, different functions are allowed a lot of autonomy to lead their teams the way they see fit. This distributed model leads to some wins within the specific vertical but often clashes with other vertices ability to take advantage of the scale of our business. It might be interesting to ask questions or understand how someone taking this survey would describe their organizational characteristics and decision making. ",complete,,,69c17630acada6abeead2da5,69c1fe8fbacb01c5bbcdefb6,prolific,https://app.prolific.com/submissions/complete?cc=CQ9PVTWX,,Unknown,0,,0,,0,,
2026-03-24,2026-03-24,IP Address,100,436,True,2026-03-24,f96ce8d2d251ad8d144d76282a2d7bb5,anonymous,,Other (please specify),Lead Procurement,I have limited involvement — I primarily implement technology decisions made by leadership,Finance and Insurance,,10000+,For-Profit,$1B+,<$10M,United States,National,Minor Barrier,Moderate Barrier,Minor Barrier,Minor Barrier,Minor Barrier,Significant Barrier,Moderate Barrier,Moderate Barrier,Minor Barrier,Moderate Barrier,Significant Barrier,Moderate Barrier,Minor Barrier,Minor Barrier,Moderate Barrier,Significant Barrier,Minor Barrier,Minor Barrier,Major Barrier,,,,,,High cost associated with acquiring or implementing new technologies.,,"Inadequate IT infrastructure (e.g., network, storage, computing power) to support new technologies.",,Lack of a clear strategy or roadmap for technology adoption.,,,,,,,,,Moderate Readiness/Capability,Moderate Readiness/Capability,Low Readiness/Capability,High Readiness/Capability,Moderate Readiness/Capability,High Readiness/Capability,Moderate Readiness/Capability,Moderate Readiness/Capability,Low Readiness/Capability,Low Readiness/Capability,Moderate Readiness/Capability,High Readiness/Capability,Moderate Readiness/Capability,Moderate Readiness/Capability,Low Readiness/Capability,High Readiness/Capability,Moderate Readiness/Capability,Low Readiness/Capability,Level 3: Defined/Standardized,Level 3: Defined/Standardized,Level 4: Managed/Quantitatively Managed,Level 2: Developing/Repeatable,Level 3: Defined/Standardized,Level 3: Defined/Standardized,Level 3: Defined/Standardized,Level 3: Defined/Standardized,Level 2: Developing/Repeatable,This survey was very comprehensive - great job and thanks for the opportunity to contribute!,complete,,,69c17630acada6abeead2da5,69c202695b4edd935bc69303,prolific,https://app.prolific.com/submissions/complete?cc=CQ9PVTWX,,Unknown,0,,0,,0,,
2026-03-24,2026-03-24,IP Address,100,624,True,2026-03-24,70dba34070afa0fdb53db04dd5e69e5d,anonymous,,"COO (e.g., Deputy Director, Chief of Staff, Assistant Secretary for Administration)",,I am one of several key decision-makers who collectively decide on technology adoption,"Professional, Scientific, and Technical Services",,100-499,For-Profit,$10M-$49M,<$10M,United States,National,Moderate Barrier,Moderate Barrier,Minor Barrier,Significant Barrier,Significant Barrier,Minor Barrier,Significant Barrier,Moderate Barrier,Major Barrier,Significant Barrier,Moderate Barrier,Significant Barrier,Moderate Barrier,Moderate Barrier,Moderate Barrier,Minor Barrier,Moderate Barrier,Moderate Barrier,Major Barrier,,,,,,,Difficulty integrating new technologies with existing legacy systems.,,"Difficulty demonstrating clear value (e.g., mission impact, public value, cost-effectiveness) for new technology investments.",Lack of a clear strategy or roadmap for technology adoption.,,,,,,,,,Moderate Readiness/Capability,Moderate Readiness/Capability,Moderate Readiness/Capability,Moderate Readiness/Capability,Moderate Readiness/Capability,Moderate Readiness/Capability,Low Readiness/Capability,Moderate Readiness/Capability,Moderate Readiness/Capability,Moderate Readiness/Capability,Moderate Readiness/Capability,Moderate Readiness/Capability,Moderate Readiness/Capability,High Readiness/Capability,Moderate Readiness/Capability,Moderate Readiness/Capability,Moderate Readiness/Capability,Low Readiness/Capability,Level 2: Developing/Repeatable,Level 2: Developing/Repeatable,Level 3: Defined/Standardized,Level 3: Defined/Standardized,Level 2: Developing/Repeatable,Level 1: Initial/Ad Hoc,Level 2: Developing/Repeatable,Level 3: Defined/Standardized,Level 2: Developing/Repeatable,I think it covered all that I can think of.,complete,,,69c17630acada6abeead2da5,69c20320a451f7d762bbdcfa,prolific,https://app.prolific.com/submissions/complete?cc=CQ9PVTWX,,Unknown,0,,0,,0,,
2026-03-24,2026-03-24,IP Address,100,780,True,2026-03-24,df3d783f46958399e0833ca202c56fcb,anonymous,,"CSO (e.g., Director of Strategic Planning, Policy Director, Chief Strategy Officer)",,"I provide significant input and recommendations, but final decisions are made by others",Finance and Insurance,,1000-4999,For-Profit,$1B+,$10M-$49M,United States,International,Not a Barrier,Not a Barrier,Not a Barrier,Minor Barrier,Minor Barrier,Moderate Barrier,Moderate Barrier,Not a Barrier,Not a Barrier,Minor Barrier,Significant Barrier,Significant Barrier,Moderate Barrier,Minor Barrier,Significant Barrier,Minor Barrier,Minor Barrier,Not a Barrier,Major Barrier,,,,,,,,,,,Insufficient governance processes for selecting and managing new technologies.,New technologies disrupting existing workflows or processes significantly.,,,Lack of trust in the reliability or performance of new technologies or vendors.,,,,High Readiness/Capability,Moderate Readiness/Capability,Very Low Readiness/Capability,Very High Readiness/Capability,Very High Readiness/Capability,Low Readiness/Capability,Moderate Readiness/Capability,Moderate Readiness/Capability,High Readiness/Capability,Moderate Readiness/Capability,High Readiness/Capability,Moderate Readiness/Capability,High Readiness/Capability,Low Readiness/Capability,Moderate Readiness/Capability,Low Readiness/Capability,High Readiness/Capability,Low Readiness/Capability,Level 2: Developing/Repeatable,Level 2: Developing/Repeatable,Level 3: Defined/Standardized,Level 2: Developing/Repeatable,Level 2: Developing/Repeatable,Level 1: Initial/Ad Hoc,Level 3: Defined/Standardized,Level 2: Developing/Repeatable,Level 2: Developing/Repeatable,Nothing I can think of ,complete,,,69c17630acada6abeead2da5,69c232b7ffa08b9d81312324,prolific,https://app.prolific.com/submissions/complete?cc=CQ9PVTWX,,Unknown,0,,0,,0,,
2026-03-24,2026-03-24,IP Address,100,753,True,2026-03-24,f3eeaf9018f07fdde25a50938e19285e,anonymous,,"COO (e.g., Deputy Director, Chief of Staff, Assistant Secretary for Administration)",,I am one of several key decision-makers who collectively decide on technology adoption,Non-Profit Organization (Non-Governmental),,100-499,Non-Profit,$1B+,$50M-$99M,United States,International,Minor Barrier,Not a Barrier,Minor Barrier,Minor Barrier,Minor Barrier,Moderate Barrier,Moderate Barrier,Moderate Barrier,Not a Barrier,Not a Barrier,Not a Barrier,Moderate Barrier,Moderate Barrier,Moderate Barrier,Not a Barrier,Not a Barrier,Minor Barrier,Moderate Barrier,Major Barrier,,,,,,,Difficulty integrating new technologies with existing legacy systems.,,,,,New technologies disrupting existing workflows or processes significantly.,,,,Uncertainty or complexity related to regulatory requirements.,,,Moderate Readiness/Capability,High Readiness/Capability,High Readiness/Capability,Moderate Readiness/Capability,Moderate Readiness/Capability,High Readiness/Capability,Very High Readiness/Capability,Moderate Readiness/Capability,High Readiness/Capability,Moderate Readiness/Capability,Moderate Readiness/Capability,High Readiness/Capability,Moderate Readiness/Capability,Very High Readiness/Capability,Moderate Readiness/Capability,Moderate Readiness/Capability,Very High Readiness/Capability,Low Readiness/Capability,Level 3: Defined/Standardized,Level 4: Managed/Quantitatively Managed,Level 4: Managed/Quantitatively Managed,Level 4: Managed/Quantitatively Managed,Level 4: Managed/Quantitatively Managed,Level 3: Defined/Standardized,Level 4: Managed/Quantitatively Managed,Level 4: Managed/Quantitatively Managed,Level 2: Developing/Repeatable,no,complete,,,69c17630acada6abeead2da5,69c23852b9250ed8b12df000,prolific,https://app.prolific.com/submissions/complete?cc=CQ9PVTWX,,Unknown,0,,0,,0,,
2026-03-24,2026-03-24,IP Address,100,634,True,2026-03-24,222fc3aa26c21098a56556bf4de1c76e,anonymous,,"COO (e.g., Deputy Director, Chief of Staff, Assistant Secretary for Administration)",,"I provide significant input and recommendations, but final decisions are made by others",Real Estate and Rental and Leasing,,100-499,For-Profit,$50M-$99M,<$10M,United States,Regional,Significant Barrier,Moderate Barrier,Not a Barrier,Minor Barrier,Moderate Barrier,Moderate Barrier,Significant Barrier,Moderate Barrier,Minor Barrier,Minor Barrier,Minor Barrier,Significant Barrier,Significant Barrier,Significant Barrier,Minor Barrier,Moderate Barrier,Minor Barrier,Moderate Barrier,Major Barrier,Resistance to change among employees or middle management.,,,,Inadequate training programs for new technologies.,,,,,,,New technologies disrupting existing workflows or processes significantly.,,,,,,,Moderate Readiness/Capability,High Readiness/Capability,Moderate Readiness/Capability,Moderate Readiness/Capability,High Readiness/Capability,Moderate Readiness/Capability,Moderate Readiness/Capability,Moderate Readiness/Capability,High Readiness/Capability,Low Readiness/Capability,Moderate Readiness/Capability,Moderate Readiness/Capability,Moderate Readiness/Capability,High Readiness/Capability,Moderate Readiness/Capability,Moderate Readiness/Capability,Moderate Readiness/Capability,Low Readiness/Capability,Level 4: Managed/Quantitatively Managed,Level 3: Defined/Standardized,Level 3: Defined/Standardized,Level 3: Defined/Standardized,Level 3: Defined/Standardized,Level 4: Managed/Quantitatively Managed,Level 3: Defined/Standardized,Level 2: Developing/Repeatable,Level 2: Developing/Repeatable,,complete,,,69c17630acada6abeead2da5,69c246aab84ead3f4575aafd,prolific,https://app.prolific.com/submissions/complete?cc=CQ9PVTWX,,,0,,0,,0.07142857142857142,QID225,
2026-03-24,2026-03-24,IP Address,100,530,True,2026-03-24,13d44afbd224c5912b4128ea638fa578,anonymous,,"CEO (e.g., Agency Director, Secretary, Administrator, City/County Manager)",,I am one of several key decision-makers who collectively decide on technology adoption,Retail Trade,,<100,For-Profit,<$10M,<$10M,International,International,Moderate Barrier,Minor Barrier,Moderate Barrier,Minor Barrier,Minor Barrier,Minor Barrier,Minor Barrier,Minor Barrier,Moderate Barrier,Minor Barrier,Moderate Barrier,Moderate Barrier,Moderate Barrier,Moderate Barrier,Minor Barrier,Moderate Barrier,Moderate Barrier,Moderate Barrier,Major Barrier,Resistance to change among employees or middle management.,,,,,,Difficulty integrating new technologies with existing legacy systems.,,,,,,,,Lack of trust in the reliability or performance of new technologies or vendors.,,,,High Readiness/Capability,Moderate Readiness/Capability,High Readiness/Capability,High Readiness/Capability,High Readiness/Capability,Very High Readiness/Capability,High Readiness/Capability,High Readiness/Capability,Moderate Readiness/Capability,High Readiness/Capability,High Readiness/Capability,High Readiness/Capability,Moderate Readiness/Capability,Moderate Readiness/Capability,Moderate Readiness/Capability,Moderate Readiness/Capability,Moderate Readiness/Capability,High Readiness/Capability,Level 5: Optimizing/Innovating,Level 4: Managed/Quantitatively Managed,Level 5: Optimizing/Innovating,Level 4: Managed/Quantitatively Managed,Level 4: Managed/Quantitatively Managed,Level 5: Optimizing/Innovating,Level 5: Optimizing/Innovating,Level 4: Managed/Quantitatively Managed,Level 2: Developing/Repeatable,Nonr,complete,,,69c17630acada6abeead2da5,69c26a482854fb34975db5f6,prolific,https://app.prolific.com/submissions/complete?cc=CQ9PVTWX,,Unknown,1,QID225,0,,0,,
2026-03-24,2026-03-24,IP Address,100,627,True,2026-03-24,c71b25463a1398c7d48d22b8ea4333f3,anonymous,,"COO (e.g., Deputy Director, Chief of Staff, Assistant Secretary for Administration)",,I have no direct involvement in technology adoption decisions,Educational Services (Private),,1000-4999,Non-Profit,$100M-$499M,<$10M,United States,Regional,Moderate Barrier,Minor Barrier,Minor Barrier,Moderate Barrier,Minor Barrier,Major Barrier,Significant Barrier,Moderate Barrier,Minor Barrier,Moderate Barrier,Minor Barrier,Significant Barrier,Moderate Barrier,Moderate Barrier,Minor Barrier,Not a Barrier,Not a Barrier,Moderate Barrier,Major Barrier,,,,,,High cost associated with acquiring or implementing new technologies.,Difficulty integrating new technologies with existing legacy systems.,,,,,New technologies disrupting existing workflows or processes significantly.,,,,,,,Moderate Readiness/Capability,High Readiness/Capability,Moderate Readiness/Capability,High Readiness/Capability,High Readiness/Capability,Low Readiness/Capability,High Readiness/Capability,Moderate Readiness/Capability,Low Readiness/Capability,Low Readiness/Capability,High Readiness/Capability,Moderate Readiness/Capability,Moderate Readiness/Capability,High Readiness/Capability,Moderate Readiness/Capability,Moderate Readiness/Capability,Moderate Readiness/Capability,Low Readiness/Capability,Level 3: Defined/Standardized,Level 3: Defined/Standardized,Level 4: Managed/Quantitatively Managed,Level 3: Defined/Standardized,Level 4: Managed/Quantitatively Managed,Level 2: Developing/Repeatable,Level 2: Developing/Repeatable,Level 3: Defined/Standardized,Level 2: Developing/Repeatable,,complete,,,69c17630acada6abeead2da5,69c271b8a32eaf2910ecc23a,prolific,https://app.prolific.com/submissions/complete?cc=CQ9PVTWX,,,0,,0,,0.07142857142857142,QID225,
2026-03-24,2026-03-24,IP Address,100,341,True,2026-03-24,0b1e990d7c83a19a28653cf34eb6c83c,anonymous,,Other (please specify),Director of Library,I am the primary decision-maker for technology adoption in my area of responsibility,Educational Services (Private),,100-499,Non-Profit,<$10M,<$10M,United States,International,Major Barrier,Moderate Barrier,Major Barrier,Not a Barrier,Significant Barrier,Major Barrier,Major Barrier,Not a Barrier,Major Barrier,Significant Barrier,Not a Barrier,Major Barrier,Moderate Barrier,Significant Barrier,Major Barrier,Not a Barrier,Moderate Barrier,Significant Barrier,Major Barrier,Resistance to change among employees or middle management.,,Organizational culture that discourages risk-taking or experimentation with new technologies.,,,,,,,,,New technologies disrupting existing workflows or processes significantly.,,,,,,,Very Low Readiness/Capability,Low Readiness/Capability,Very High Readiness/Capability,Very Low Readiness/Capability,Low Readiness/Capability,Very Low Readiness/Capability,Low Readiness/Capability,Low Readiness/Capability,Very High Readiness/Capability,Low Readiness/Capability,Low Readiness/Capability,Low Readiness/Capability,Very Low Readiness/Capability,Low Readiness/Capability,Low Readiness/Capability,Very Low Readiness/Capability,Moderate Readiness/Capability,Very Low Readiness/Capability,Level 2: Developing/Repeatable,Level 3: Defined/Standardized,Level 5: Optimizing/Innovating,Level 1: Initial/Ad Hoc,Level 4: Managed/Quantitatively Managed,Level 3: Defined/Standardized,Level 3: Defined/Standardized,Level 2: Developing/Repeatable,Level 2: Developing/Repeatable,,complete,,,69c17630acada6abeead2da5,69c28994bfe60b95fa85ca17,prolific,https://app.prolific.com/submissions/complete?cc=CQ9PVTWX,,,0,,0,,0.07142857142857142,QID225,
2026-03-24,2026-03-24,IP Address,100,367,True,2026-03-24,d672eb812776e809948c21993c10211e,anonymous,,"COO (e.g., Deputy Director, Chief of Staff, Assistant Secretary for Administration)",,"I provide significant input and recommendations, but final decisions are made by others","Professional, Scientific, and Technical Services",,1000-4999,Non-Profit,$10M-$49M,<$10M,United States,National,Not a Barrier,Not a Barrier,Minor Barrier,Not a Barrier,Minor Barrier,Minor Barrier,Minor Barrier,Minor Barrier,Not a Barrier,Not a Barrier,Not a Barrier,Not a Barrier,Moderate Barrier,Moderate Barrier,Not a Barrier,Minor Barrier,Moderate Barrier,Not a Barrier,Not a Barrier,,,,,,,Difficulty integrating new technologies with existing legacy systems.,,,,,,Concerns about cybersecurity risks associated with new technologies.,Concerns about data privacy compliance related to new technologies.,,,,,Moderate Readiness/Capability,Low Readiness/Capability,Moderate Readiness/Capability,Moderate Readiness/Capability,Low Readiness/Capability,Low Readiness/Capability,High Readiness/Capability,Low Readiness/Capability,High Readiness/Capability,Moderate Readiness/Capability,High Readiness/Capability,Low Readiness/Capability,High Readiness/Capability,Very High Readiness/Capability,Low Readiness/Capability,Moderate Readiness/Capability,Moderate Readiness/Capability,Low Readiness/Capability,Level 3: Defined/Standardized,Level 3: Defined/Standardized,Level 2: Developing/Repeatable,Level 1: Initial/Ad Hoc,Level 3: Defined/Standardized,Level 2: Developing/Repeatable,Level 2: Developing/Repeatable,Level 2: Developing/Repeatable,Level 2: Developing/Repeatable,Great questionset!,complete,,,69c17630acada6abeead2da5,69c29432408679b0a314cd3b,prolific,https://app.prolific.com/submissions/complete?cc=CQ9PVTWX,,Unknown,0,,0,,0,,
2026-03-24,2026-03-24,IP Address,100,332,True,2026-03-24,1b53732c56374b5db0e66662ff791064,anonymous,,"CSO (e.g., Director of Strategic Planning, Policy Director, Chief Strategy Officer)",,I have no direct involvement in technology adoption decisions,Finance and Insurance,,10000+,For-Profit,$1B+,<$10M,United States,National,Not a Barrier,Minor Barrier,Minor Barrier,Minor Barrier,Minor Barrier,Moderate Barrier,Major Barrier,Moderate Barrier,Not a Barrier,Minor Barrier,Moderate Barrier,Moderate Barrier,Significant Barrier,Significant Barrier,Minor Barrier,Significant Barrier,Moderate Barrier,Minor Barrier,Moderate Barrier,,,,,,,Difficulty integrating new technologies with existing legacy systems.,,,,,,Concerns about cybersecurity risks associated with new technologies.,,,Uncertainty or complexity related to regulatory requirements.,,,Moderate Readiness/Capability,Moderate Readiness/Capability,Moderate Readiness/Capability,Moderate Readiness/Capability,Moderate Readiness/Capability,Moderate Readiness/Capability,Moderate Readiness/Capability,Moderate Readiness/Capability,High Readiness/Capability,Low Readiness/Capability,High Readiness/Capability,Moderate Readiness/Capability,Moderate Readiness/Capability,Moderate Readiness/Capability,Low Readiness/Capability,Moderate Readiness/Capability,Moderate Readiness/Capability,Low Readiness/Capability,Level 2: Developing/Repeatable,Level 3: Defined/Standardized,Level 2: Developing/Repeatable,Level 3: Defined/Standardized,Level 3: Defined/Standardized,Level 4: Managed/Quantitatively Managed,Level 4: Managed/Quantitatively Managed,Level 4: Managed/Quantitatively Managed,Level 2: Developing/Repeatable,AI is the biggest area of concern yet the biggest opportunity for our organizatin,complete,,,69c17630acada6abeead2da5,69c29b4700088f3ae04a7092,prolific,https://app.prolific.com/submissions/complete?cc=CQ9PVTWX,,Unknown,0,,0,,0,,
2026-03-24,2026-03-24,IP Address,100,425,True,2026-03-24,8c50251bee89a99f438f873ffc12b4a3,anonymous,,"CIO (e.g., Director of IT)",,I am the primary decision-maker for technology adoption in my area of responsibility,Educational Services (Private),,<100,Non-Profit,<$10M,<$10M,United States,Local,Major Barrier,Significant Barrier,Moderate Barrier,Minor Barrier,Not a Barrier,Major Barrier,Minor Barrier,Moderate Barrier,Significant Barrier,Moderate Barrier,Minor Barrier,Major Barrier,Significant Barrier,Significant Barrier,Minor Barrier,Minor Barrier,Moderate Barrier,Not a Barrier,Major Barrier,,"Lack of support or clear vision from top leadership (including the board, e.g., governing body, oversight committee).",,,,,,,,,,New technologies disrupting existing workflows or processes significantly.,Concerns about cybersecurity risks associated with new technologies.,,,,,,Low Readiness/Capability,Moderate Readiness/Capability,High Readiness/Capability,Low Readiness/Capability,Moderate Readiness/Capability,Very High Readiness/Capability,Moderate Readiness/Capability,Low Readiness/Capability,Very High Readiness/Capability,High Readiness/Capability,Very High Readiness/Capability,High Readiness/Capability,Moderate Readiness/Capability,Low Readiness/Capability,High Readiness/Capability,High Readiness/Capability,High Readiness/Capability,Low Readiness/Capability,Level 5: Optimizing/Innovating,Level 3: Defined/Standardized,Level 3: Defined/Standardized,Level 4: Managed/Quantitatively Managed,Level 4: Managed/Quantitatively Managed,Level 3: Defined/Standardized,Level 4: Managed/Quantitatively Managed,Level 3: Defined/Standardized,Level 2: Developing/Repeatable,N/A,complete,,,69c17630acada6abeead2da5,69c29d598f0898a8a6a6043a,prolific,https://app.prolific.com/submissions/complete?cc=CQ9PVTWX,,Unknown,0,,0,,0,,
2026-03-24,2026-03-24,IP Address,100,301,True,2026-03-24,151d96dcfc4102c58e46f6db3c6976a1,anonymous,,Other (please specify),Director Cybersecurity,I am one of several key decision-makers who collectively decide on technology adoption,"Professional, Scientific, and Technical Services",,10000+,For-Profit,$1B+,<$10M,United States,International,Moderate Barrier,Not a Barrier,Minor Barrier,Significant Barrier,Moderate Barrier,Major Barrier,Major Barrier,Significant Barrier,Not a Barrier,Major Barrier,Minor Barrier,Not a Barrier,Major Barrier,Moderate Barrier,Major Barrier,Major Barrier,Not a Barrier,Minor Barrier,Major Barrier,,,,,,,,,"Difficulty demonstrating clear value (e.g., mission impact, public value, cost-effectiveness) for new technology investments.",,,New technologies disrupting existing workflows or processes significantly.,,,Lack of trust in the reliability or performance of new technologies or vendors.,,,,High Readiness/Capability,Moderate Readiness/Capability,High Readiness/Capability,Moderate Readiness/Capability,Moderate Readiness/Capability,Moderate Readiness/Capability,Moderate Readiness/Capability,High Readiness/Capability,Moderate Readiness/Capability,Very Low Readiness/Capability,High Readiness/Capability,Moderate Readiness/Capability,Very Low Readiness/Capability,Low Readiness/Capability,Moderate Readiness/Capability,Moderate Readiness/Capability,Low Readiness/Capability,Low Readiness/Capability,Level 3: Defined/Standardized,Level 2: Developing/Repeatable,Level 3: Defined/Standardized,Level 3: Defined/Standardized,Level 2: Developing/Repeatable,Level 3: Defined/Standardized,Level 4: Managed/Quantitatively Managed,Level 3: Defined/Standardized,Level 2: Developing/Repeatable,"For our organization, it consists of IT for many different uses - Regulatory, Legal, R&D, Manufacturing, and Service.  Often a change made to optimize one use will negatively impact other uses.  This is a huge barrier for us. ",complete,,,69c17630acada6abeead2da5,69c29e17024b2e79cdc6738d,prolific,https://app.prolific.com/submissions/complete?cc=CQ9PVTWX,,Unknown,0,,0,,0,,
2026-03-24,2026-03-24,IP Address,100,795,True,2026-03-24,bb0633917b32c9290b5e2f997640e572,anonymous,,Other (please specify),Director of library,"I provide significant input and recommendations, but final decisions are made by others",Public Education (K-12/Higher Ed),,100-499,Government/Public Sector,<$10M,<$10M,United States,Local,Major Barrier,Minor Barrier,Not a Barrier,Significant Barrier,Significant Barrier,Minor Barrier,Significant Barrier,Significant Barrier,Moderate Barrier,Minor Barrier,Significant Barrier,Significant Barrier,Moderate Barrier,Moderate Barrier,Minor Barrier,Minor Barrier,Major Barrier,Not a Barrier,Major Barrier,Resistance to change among employees or middle management.,,,Insufficient skills or expertise within the workforce to utilize new technologies effectively.,Inadequate training programs for new technologies.,,,,,,,,,,,,,,Moderate Readiness/Capability,Very High Readiness/Capability,Moderate Readiness/Capability,Moderate Readiness/Capability,High Readiness/Capability,High Readiness/Capability,Low Readiness/Capability,Moderate Readiness/Capability,Low Readiness/Capability,Moderate Readiness/Capability,Low Readiness/Capability,High Readiness/Capability,Moderate Readiness/Capability,Very High Readiness/Capability,Moderate Readiness/Capability,High Readiness/Capability,High Readiness/Capability,Low Readiness/Capability,Level 3: Defined/Standardized,Level 5: Optimizing/Innovating,Level 4: Managed/Quantitatively Managed,Level 4: Managed/Quantitatively Managed,Level 4: Managed/Quantitatively Managed,Level 4: Managed/Quantitatively Managed,Level 3: Defined/Standardized,Level 4: Managed/Quantitatively Managed,Level 2: Developing/Repeatable,"Staff reluctance is the biggest problem. Therefore,extensive training is necessary. ",complete,,,69c17630acada6abeead2da5,69c29f4f092e60ea53222ff1,prolific,https://app.prolific.com/submissions/complete?cc=CQ9PVTWX,,Unknown,0,,0,,0,,
2026-03-24,2026-03-24,IP Address,100,813,True,2026-03-24,ac928055bc5011cd52662919ea7c5b4b,anonymous,,"CFO (e.g., Director of Finance, Budget Director, Comptroller)",,I am the primary decision-maker for technology adoption in my area of responsibility,Finance and Insurance,,500-999,For-Profit,$100M-$499M,$10M-$49M,United States,Regional,Minor Barrier,Major Barrier,Significant Barrier,Moderate Barrier,Moderate Barrier,Significant Barrier,Minor Barrier,Significant Barrier,Significant Barrier,Moderate Barrier,Moderate Barrier,Moderate Barrier,Not a Barrier,Minor Barrier,Moderate Barrier,Moderate Barrier,Moderate Barrier,Minor Barrier,Major Barrier,Resistance to change among employees or middle management.,,,,,,,,"Difficulty demonstrating clear value (e.g., mission impact, public value, cost-effectiveness) for new technology investments.",,,,,,,,,Difficulty finding reliable technology vendors or partners.,Moderate Readiness/Capability,High Readiness/Capability,Very Low Readiness/Capability,Very Low Readiness/Capability,Low Readiness/Capability,Moderate Readiness/Capability,Moderate Readiness/Capability,Moderate Readiness/Capability,Moderate Readiness/Capability,Moderate Readiness/Capability,Moderate Readiness/Capability,Very Low Readiness/Capability,Low Readiness/Capability,Moderate Readiness/Capability,High Readiness/Capability,Very Low Readiness/Capability,Moderate Readiness/Capability,Low Readiness/Capability,Level 4: Managed/Quantitatively Managed,Level 4: Managed/Quantitatively Managed,Level 3: Defined/Standardized,Level 2: Developing/Repeatable,Level 5: Optimizing/Innovating,Level 1: Initial/Ad Hoc,Level 3: Defined/Standardized,Don't Know,Level 2: Developing/Repeatable,No,complete,,,69c17630acada6abeead2da5,69c29f9700450a4bd02f177d,prolific,https://app.prolific.com/submissions/complete?cc=CQ9PVTWX,,Unknown,0,,0,,0,,
2026-03-24,2026-03-24,IP Address,100,592,True,2026-03-24,567350f1402984ea11a1d0b1aa7805bf,anonymous,,Other (please specify),Director of Project Management,I am one of several key decision-makers who collectively decide on technology adoption,"Arts, Entertainment, and Recreation",,1000-4999,For-Profit,$100M-$499M,$10M-$49M,United States,National,Significant Barrier,Major Barrier,Major Barrier,Moderate Barrier,Significant Barrier,Significant Barrier,Moderate Barrier,Moderate Barrier,Minor Barrier,Major Barrier,Major Barrier,Minor Barrier,Significant Barrier,Moderate Barrier,Moderate Barrier,Minor Barrier,Major Barrier,Moderate Barrier,Significant Barrier,Resistance to change among employees or middle management.,"Lack of support or clear vision from top leadership (including the board, e.g., governing body, oversight committee).",,,,,Difficulty integrating new technologies with existing legacy systems.,,,,,,,,,,,,Low Readiness/Capability,Moderate Readiness/Capability,Moderate Readiness/Capability,Low Readiness/Capability,Moderate Readiness/Capability,High Readiness/Capability,Low Readiness/Capability,Moderate Readiness/Capability,Moderate Readiness/Capability,Low Readiness/Capability,High Readiness/Capability,Low Readiness/Capability,Low Readiness/Capability,Low Readiness/Capability,Moderate Readiness/Capability,Moderate Readiness/Capability,Low Readiness/Capability,Low Readiness/Capability,Level 1: Initial/Ad Hoc,Level 2: Developing/Repeatable,Level 3: Defined/Standardized,Level 2: Developing/Repeatable,Level 2: Developing/Repeatable,Level 2: Developing/Repeatable,Level 2: Developing/Repeatable,Level 1: Initial/Ad Hoc,Level 2: Developing/Repeatable,,complete,,,69c17630acada6abeead2da5,69c2a1eb97bb16629f155062,prolific,https://app.prolific.com/submissions/complete?cc=CQ9PVTWX,,,0,,0,,0.07142857142857142,QID225,
2026-03-24,2026-03-24,IP Address,100,651,True,2026-03-24,f7b0106f8c20fa8a0ec2986ede159535,anonymous,,"CMO (e.g., Director of Communications, Public Affairs Officer, Chief Marketing & Communications Officer)",,I am one of several key decision-makers who collectively decide on technology adoption,Manufacturing,,10000+,For-Profit,$1B+,$10M-$49M,United States,International,Minor Barrier,Major Barrier,Major Barrier,Significant Barrier,Major Barrier,Significant Barrier,Moderate Barrier,Major Barrier,Moderate Barrier,Major Barrier,Significant Barrier,Significant Barrier,Significant Barrier,Significant Barrier,Major Barrier,Significant Barrier,Significant Barrier,Minor Barrier,Major Barrier,,"Lack of support or clear vision from top leadership (including the board, e.g., governing body, oversight committee).",Organizational culture that discourages risk-taking or experimentation with new technologies.,,,,,"Inadequate IT infrastructure (e.g., network, storage, computing power) to support new technologies.",,,,,,,,,,,Moderate Readiness/Capability,Moderate Readiness/Capability,Moderate Readiness/Capability,Low Readiness/Capability,Moderate Readiness/Capability,Moderate Readiness/Capability,Low Readiness/Capability,Moderate Readiness/Capability,Very Low Readiness/Capability,Low Readiness/Capability,Moderate Readiness/Capability,Low Readiness/Capability,High Readiness/Capability,Moderate Readiness/Capability,High Readiness/Capability,Moderate Readiness/Capability,Low Readiness/Capability,Low Readiness/Capability,Level 3: Defined/Standardized,Level 3: Defined/Standardized,Level 4: Managed/Quantitatively Managed,Level 3: Defined/Standardized,Level 3: Defined/Standardized,Level 4: Managed/Quantitatively Managed,Level 2: Developing/Repeatable,Level 4: Managed/Quantitatively Managed,Level 2: Developing/Repeatable,"I think the biggest hurdle we have is our business has a legacy mindset, we have been in business 75 years and adaption to change, specifically AI, has caused most C-level and Director levels to circle the wagons around their own involvement and staff, due to fear of AI replacing the knowledge worker part of the business, since we are in manufacturing and 90% of our workforce are labor roles and not office staff.",complete,,,69c17630acada6abeead2da5,69c2ab04db5a1c398098ea91,prolific,https://app.prolific.com/submissions/complete?cc=CQ9PVTWX,,Unknown,0,,0,,0,,
2026-03-24,2026-03-24,IP Address,100,520,True,2026-03-24,e8fde4867efb10df89397c12fba8fa9c,anonymous,,"CIO (e.g., Director of IT)",,I am the primary decision-maker for technology adoption in my area of responsibility,Retail Trade,,<100,For-Profit,<$10M,<$10M,United States,National,Minor Barrier,Minor Barrier,Not a Barrier,Not a Barrier,Minor Barrier,Moderate Barrier,Minor Barrier,Not a Barrier,Not a Barrier,Not a Barrier,Not a Barrier,Minor Barrier,Moderate Barrier,Minor Barrier,Minor Barrier,Moderate Barrier,Not a Barrier,Not a Barrier,Major Barrier,,,,,,High cost associated with acquiring or implementing new technologies.,,,,,,New technologies disrupting existing workflows or processes significantly.,,,,,,Difficulty finding reliable technology vendors or partners.,High Readiness/Capability,High Readiness/Capability,Moderate Readiness/Capability,Very High Readiness/Capability,Moderate Readiness/Capability,High Readiness/Capability,Moderate Readiness/Capability,Moderate Readiness/Capability,High Readiness/Capability,High Readiness/Capability,Very High Readiness/Capability,High Readiness/Capability,High Readiness/Capability,High Readiness/Capability,Moderate Readiness/Capability,Moderate Readiness/Capability,Moderate Readiness/Capability,Low Readiness/Capability,Level 4: Managed/Quantitatively Managed,Level 4: Managed/Quantitatively Managed,Level 3: Defined/Standardized,Level 3: Defined/Standardized,Level 3: Defined/Standardized,Level 4: Managed/Quantitatively Managed,Level 3: Defined/Standardized,Level 5: Optimizing/Innovating,Level 2: Developing/Repeatable,not that come to mind!,complete,,,69c17630acada6abeead2da5,69c2ac9669ff68d70e02df9c,prolific,https://app.prolific.com/submissions/complete?cc=CQ9PVTWX,,Unknown,0,,0,,0,,
2026-03-24,2026-03-24,IP Address,100,552,True,2026-03-24,97236690463eb84f7a2dc157b7daac39,anonymous,,"CRO (e.g., Director of Budget/Finance, Director of Development/Fundraising, Head of Revenue Operations)",,I am one of several key decision-makers who collectively decide on technology adoption,Information,,5000-9999,For-Profit,$500M-$999M,<$10M,International,International,Moderate Barrier,Minor Barrier,Moderate Barrier,Minor Barrier,Minor Barrier,Moderate Barrier,Significant Barrier,Minor Barrier,Minor Barrier,Minor Barrier,Minor Barrier,Moderate Barrier,Minor Barrier,Moderate Barrier,Minor Barrier,Moderate Barrier,Moderate Barrier,Minor Barrier,Minor Barrier,,,,,,High cost associated with acquiring or implementing new technologies.,Difficulty integrating new technologies with existing legacy systems.,,,,,,,,,,"Pressure to adopt technology due to external factors (e.g., mandates, public expectations, peer agency actions), without adequate internal readiness.",,Moderate Readiness/Capability,Moderate Readiness/Capability,Moderate Readiness/Capability,Moderate Readiness/Capability,High Readiness/Capability,Low Readiness/Capability,Moderate Readiness/Capability,Moderate Readiness/Capability,Moderate Readiness/Capability,Low Readiness/Capability,Moderate Readiness/Capability,Moderate Readiness/Capability,Moderate Readiness/Capability,High Readiness/Capability,High Readiness/Capability,Moderate Readiness/Capability,Moderate Readiness/Capability,Low Readiness/Capability,Level 3: Defined/Standardized,Level 3: Defined/Standardized,Level 2: Developing/Repeatable,Level 3: Defined/Standardized,Level 3: Defined/Standardized,Level 3: Defined/Standardized,Level 3: Defined/Standardized,Level 3: Defined/Standardized,Level 2: Developing/Repeatable,,complete,,,69c17630acada6abeead2da5,69c2ae343688b3fc21837ceb,prolific,https://app.prolific.com/submissions/complete?cc=CQ9PVTWX,,,0,,0,,0.07142857142857142,QID225,
2026-03-24,2026-03-24,IP Address,100,539,True,2026-03-24,203d96c60a7b057e31eb2384a812f4d3,anonymous,,"CEO (e.g., Agency Director, Secretary, Administrator, City/County Manager)",,I am one of several key decision-makers who collectively decide on technology adoption,Manufacturing,,<100,For-Profit,<$10M,<$10M,United States,Regional,Minor Barrier,Not a Barrier,Not a Barrier,Minor Barrier,Minor Barrier,Major Barrier,Not a Barrier,Significant Barrier,Significant Barrier,Moderate Barrier,Not a Barrier,Minor Barrier,Major Barrier,Significant Barrier,Moderate Barrier,Not a Barrier,Significant Barrier,Major Barrier,Major Barrier,,,,,,,,,,,,,,Concerns about data privacy compliance related to new technologies.,Lack of trust in the reliability or performance of new technologies or vendors.,,,Difficulty finding reliable technology vendors or partners.,Very High Readiness/Capability,High Readiness/Capability,High Readiness/Capability,High Readiness/Capability,High Readiness/Capability,Very High Readiness/Capability,Very High Readiness/Capability,High Readiness/Capability,Moderate Readiness/Capability,High Readiness/Capability,Moderate Readiness/Capability,Very High Readiness/Capability,Low Readiness/Capability,Very High Readiness/Capability,High Readiness/Capability,High Readiness/Capability,Low Readiness/Capability,Low Readiness/Capability,Level 5: Optimizing/Innovating,Level 4: Managed/Quantitatively Managed,Level 4: Managed/Quantitatively Managed,Level 5: Optimizing/Innovating,Level 4: Managed/Quantitatively Managed,Level 5: Optimizing/Innovating,Level 4: Managed/Quantitatively Managed,Level 4: Managed/Quantitatively Managed,Level 2: Developing/Repeatable,No. I thought this was very thorough and the questions thought provoking. ,complete,,,69c17630acada6abeead2da5,69c2b323005211bc39e20130,prolific,https://app.prolific.com/submissions/complete?cc=CQ9PVTWX,,Unknown,0,,0,,0,,
2026-03-24,2026-03-24,IP Address,100,630,True,2026-03-24,26a59a360969d6e2f86884f78bceded5,anonymous,,"CSO (e.g., Director of Strategic Planning, Policy Director, Chief Strategy Officer)",,I am one of several key decision-makers who collectively decide on technology adoption,Finance and Insurance,,10000+,For-Profit,$1B+,$10M-$49M,United States,National,Major Barrier,Minor Barrier,Major Barrier,Moderate Barrier,Moderate Barrier,Significant Barrier,Significant Barrier,Significant Barrier,Minor Barrier,Significant Barrier,Moderate Barrier,Minor Barrier,Major Barrier,Major Barrier,Moderate Barrier,Major Barrier,Significant Barrier,Significant Barrier,Minor Barrier,,,,,,High cost associated with acquiring or implementing new technologies.,,,,,,,,Concerns about data privacy compliance related to new technologies.,,,,Difficulty finding reliable technology vendors or partners.,Moderate Readiness/Capability,Moderate Readiness/Capability,Moderate Readiness/Capability,High Readiness/Capability,High Readiness/Capability,High Readiness/Capability,Moderate Readiness/Capability,Moderate Readiness/Capability,Moderate Readiness/Capability,Low Readiness/Capability,Moderate Readiness/Capability,Moderate Readiness/Capability,Moderate Readiness/Capability,Very High Readiness/Capability,Low Readiness/Capability,Moderate Readiness/Capability,Low Readiness/Capability,Low Readiness/Capability,Level 3: Defined/Standardized,Level 3: Defined/Standardized,Level 3: Defined/Standardized,Level 5: Optimizing/Innovating,Level 3: Defined/Standardized,Level 4: Managed/Quantitatively Managed,Level 4: Managed/Quantitatively Managed,Level 3: Defined/Standardized,Level 2: Developing/Repeatable,"The lack of vendors specifically when it comes to comprehensive custom solutions, and having to  hire multiple vendors and figure out how to integrate their solutions together.",complete,,,69c17630acada6abeead2da5,69c2b35e4b95f05374acb9fb,prolific,https://app.prolific.com/submissions/complete?cc=CQ9PVTWX,,Unknown,0,,0,,0,,
2026-03-24,2026-03-24,IP Address,100,547,True,2026-03-24,d0a98d5c548affa9ef46cc7da6b54a16,anonymous,,"CRO (e.g., Director of Budget/Finance, Director of Development/Fundraising, Head of Revenue Operations)",,I am one of several key decision-makers who collectively decide on technology adoption,Public Education (K-12/Higher Ed),,5000-9999,Non-Profit,$500M-$999M,$50M-$99M,United States,Regional,Major Barrier,Moderate Barrier,Significant Barrier,Significant Barrier,Major Barrier,Major Barrier,Major Barrier,Major Barrier,Significant Barrier,Major Barrier,Moderate Barrier,Major Barrier,Major Barrier,Major Barrier,Moderate Barrier,Moderate Barrier,Minor Barrier,Moderate Barrier,Major Barrier,Resistance to change among employees or middle management.,,,Insufficient skills or expertise within the workforce to utilize new technologies effectively.,,,,"Inadequate IT infrastructure (e.g., network, storage, computing power) to support new technologies.",,,,,,,,,,,Very Low Readiness/Capability,Low Readiness/Capability,Low Readiness/Capability,Very Low Readiness/Capability,Moderate Readiness/Capability,Very Low Readiness/Capability,Low Readiness/Capability,Low Readiness/Capability,Very Low Readiness/Capability,Very Low Readiness/Capability,Low Readiness/Capability,Low Readiness/Capability,Very Low Readiness/Capability,Very Low Readiness/Capability,Very Low Readiness/Capability,Low Readiness/Capability,Low Readiness/Capability,Low Readiness/Capability,Level 1: Initial/Ad Hoc,Level 1: Initial/Ad Hoc,Level 2: Developing/Repeatable,Level 1: Initial/Ad Hoc,Level 1: Initial/Ad Hoc,Level 1: Initial/Ad Hoc,Level 2: Developing/Repeatable,Level 1: Initial/Ad Hoc,Level 2: Developing/Repeatable,This survey gave me a number of ideas of how to approach the challenges we are facing.  A key item that is not discussed is how organizational structure and governance may influence the ability for the organization to effectively adapt/implement.  ,complete,,,69c17630acada6abeead2da5,69c2be0973a0bcf70639ff76,prolific,https://app.prolific.com/submissions/complete?cc=CQ9PVTWX,,Unknown,0,,0,,0,,
2026-03-24,2026-03-24,IP Address,100,701,True,2026-03-24,bee756f9a25cce55e4e3e82635944fa3,anonymous,,Other (please specify),Director of Purchasing,I am one of several key decision-makers who collectively decide on technology adoption,Accommodation and Food Services,,100-499,For-Profit,$10M-$49M,<$10M,United States,Local,Moderate Barrier,Not a Barrier,Minor Barrier,Moderate Barrier,Minor Barrier,Significant Barrier,Significant Barrier,Minor Barrier,Minor Barrier,Minor Barrier,Not a Barrier,Not a Barrier,Not a Barrier,Not a Barrier,Moderate Barrier,Not a Barrier,Minor Barrier,Minor Barrier,Major Barrier,Resistance to change among employees or middle management.,,,,,High cost associated with acquiring or implementing new technologies.,Difficulty integrating new technologies with existing legacy systems.,,,,,,,,,,,,Moderate Readiness/Capability,High Readiness/Capability,Very High Readiness/Capability,Moderate Readiness/Capability,High Readiness/Capability,Moderate Readiness/Capability,High Readiness/Capability,Moderate Readiness/Capability,High Readiness/Capability,Low Readiness/Capability,High Readiness/Capability,Very High Readiness/Capability,Moderate Readiness/Capability,High Readiness/Capability,Very High Readiness/Capability,High Readiness/Capability,Low Readiness/Capability,Low Readiness/Capability,Level 3: Defined/Standardized,Level 3: Defined/Standardized,Level 3: Defined/Standardized,Level 4: Managed/Quantitatively Managed,Level 4: Managed/Quantitatively Managed,Level 3: Defined/Standardized,Level 2: Developing/Repeatable,Level 2: Developing/Repeatable,Level 2: Developing/Repeatable,i feel like that typical barriers were covered,complete,,,69c17630acada6abeead2da5,69c2ce792c7dc24b78f1c9ca,prolific,https://app.prolific.com/submissions/complete?cc=CQ9PVTWX,,Unknown,0,,0,,0,,
2026-03-24,2026-03-24,IP Address,100,1388,True,2026-03-24,355bd697c3005ef714394b4737fba5ef,anonymous,,"CEO (e.g., Agency Director, Secretary, Administrator, City/County Manager)",,I have limited involvement — I primarily implement technology decisions made by leadership,Public Healthcare,,5000-9999,For-Profit,$1B+,$100M-$499M,United States,National,Not a Barrier,,Not a Barrier,Minor Barrier,Significant Barrier,Significant Barrier,Significant Barrier,Not a Barrier,Not a Barrier,Minor Barrier,Not a Barrier,Moderate Barrier,Moderate Barrier,Moderate Barrier,Minor Barrier,Major Barrier,Significant Barrier,,Major Barrier,,,,,,High cost associated with acquiring or implementing new technologies.,,,,,,New technologies disrupting existing workflows or processes significantly.,,,,Uncertainty or complexity related to regulatory requirements.,,,Moderate Readiness/Capability,High Readiness/Capability,Moderate Readiness/Capability,High Readiness/Capability,Very High Readiness/Capability,Moderate Readiness/Capability,Low Readiness/Capability,Low Readiness/Capability,Moderate Readiness/Capability,Low Readiness/Capability,Low Readiness/Capability,Low Readiness/Capability,Moderate Readiness/Capability,Don't Know,Moderate Readiness/Capability,Moderate Readiness/Capability,Low Readiness/Capability,Low Readiness/Capability,Don't Know,Level 4: Managed/Quantitatively Managed,Level 4: Managed/Quantitatively Managed,Level 5: Optimizing/Innovating,Level 5: Optimizing/Innovating,Level 4: Managed/Quantitatively Managed,Level 3: Defined/Standardized,Level 4: Managed/Quantitatively Managed,Level 2: Developing/Repeatable,No,complete,,,69c17630acada6abeead2da5,69c2ccc768fdb38eb558ba6d,prolific,https://app.prolific.com/submissions/complete?cc=CQ9PVTWX,,Unknown,0,,0,,0,,
2026-03-24,2026-03-24,IP Address,100,1181,True,2026-03-24,b622e6a8a1cbfc071a2e1f06c9e32a39,anonymous,,"CFO (e.g., Director of Finance, Budget Director, Comptroller)",,I am one of several key decision-makers who collectively decide on technology adoption,Manufacturing,,10000+,For-Profit,$1B+,$50M-$99M,United States,National,Moderate Barrier,Moderate Barrier,Major Barrier,Moderate Barrier,Moderate Barrier,Moderate Barrier,Major Barrier,Major Barrier,Major Barrier,Moderate Barrier,Moderate Barrier,Significant Barrier,Significant Barrier,Significant Barrier,Significant Barrier,Minor Barrier,Minor Barrier,Moderate Barrier,Major Barrier,,,,,,High cost associated with acquiring or implementing new technologies.,Difficulty integrating new technologies with existing legacy systems.,,"Difficulty demonstrating clear value (e.g., mission impact, public value, cost-effectiveness) for new technology investments.",,,,,,,,,,Low Readiness/Capability,Low Readiness/Capability,Moderate Readiness/Capability,Low Readiness/Capability,Moderate Readiness/Capability,Very Low Readiness/Capability,Moderate Readiness/Capability,Moderate Readiness/Capability,Low Readiness/Capability,Very Low Readiness/Capability,Very Low Readiness/Capability,Moderate Readiness/Capability,Low Readiness/Capability,Low Readiness/Capability,Low Readiness/Capability,Low Readiness/Capability,Very Low Readiness/Capability,Low Readiness/Capability,Level 2: Developing/Repeatable,Level 2: Developing/Repeatable,Level 2: Developing/Repeatable,Level 2: Developing/Repeatable,Level 3: Defined/Standardized,Level 2: Developing/Repeatable,Level 3: Defined/Standardized,Level 3: Defined/Standardized,Level 2: Developing/Repeatable,The survey was thorough and thoughtful. We struggle with just getting into the current century when it comes to IT! We've attempted two major ERP conversions and both failed and (believe it or not) we are still running green screens for our core sales system. It's tough to get funding and support to really upgrade even though it's discussed all the time. ,complete,,,69c17630acada6abeead2da5,69c2d307cf127b6bdb9041c7,prolific,https://app.prolific.com/submissions/complete?cc=CQ9PVTWX,,Unknown,0,,0,,0,,
2026-03-24,2026-03-24,IP Address,100,536,True,2026-03-24,7d0dde3509a68968f50d46e65e68139b,anonymous,,"CIO (e.g., Director of IT)",,I am the primary decision-maker for technology adoption in my area of responsibility,Wholesale Trade,,100-499,For-Profit,$100M-$499M,$10M-$49M,United States,National,Moderate Barrier,Minor Barrier,Minor Barrier,Not a Barrier,Not a Barrier,Moderate Barrier,Moderate Barrier,Minor Barrier,Minor Barrier,Minor Barrier,Not a Barrier,Minor Barrier,Minor Barrier,Minor Barrier,Minor Barrier,Minor Barrier,Minor Barrier,Minor Barrier,Major Barrier,,,,,,High cost associated with acquiring or implementing new technologies.,Difficulty integrating new technologies with existing legacy systems.,,,,,,,,,,,Difficulty finding reliable technology vendors or partners.,High Readiness/Capability,Moderate Readiness/Capability,Moderate Readiness/Capability,Moderate Readiness/Capability,Moderate Readiness/Capability,Moderate Readiness/Capability,Moderate Readiness/Capability,High Readiness/Capability,High Readiness/Capability,Moderate Readiness/Capability,Moderate Readiness/Capability,Moderate Readiness/Capability,Moderate Readiness/Capability,High Readiness/Capability,High Readiness/Capability,High Readiness/Capability,High Readiness/Capability,Low Readiness/Capability,Level 4: Managed/Quantitatively Managed,Level 3: Defined/Standardized,Level 4: Managed/Quantitatively Managed,Level 4: Managed/Quantitatively Managed,Level 4: Managed/Quantitatively Managed,Level 3: Defined/Standardized,Level 3: Defined/Standardized,Level 4: Managed/Quantitatively Managed,Level 4: Managed/Quantitatively Managed,No. A very comprehensive and insightful document.,complete,,,69c17630acada6abeead2da5,69c2f04b72ca0383a0658979,prolific,https://app.prolific.com/submissions/complete?cc=CQ9PVTWX,,Unknown,0,,0,,0,,
2026-03-24,2026-03-24,IP Address,100,465,True,2026-03-24,739013a8506a3fc8ea9e5a6eaa679e67,anonymous,,Other (please specify),Owner,I am one of several key decision-makers who collectively decide on technology adoption,Accommodation and Food Services,,<100,For-Profit,<$10M,<$10M,United States,Local,Major Barrier,Major Barrier,Major Barrier,Major Barrier,Minor Barrier,Minor Barrier,Major Barrier,Minor Barrier,Moderate Barrier,Moderate Barrier,Moderate Barrier,Moderate Barrier,Major Barrier,Minor Barrier,Not a Barrier,Minor Barrier,Significant Barrier,Significant Barrier,Major Barrier,Resistance to change among employees or middle management.,,,Insufficient skills or expertise within the workforce to utilize new technologies effectively.,,,Difficulty integrating new technologies with existing legacy systems.,,,,,,,,,,,,Moderate Readiness/Capability,Moderate Readiness/Capability,Moderate Readiness/Capability,Low Readiness/Capability,Low Readiness/Capability,Low Readiness/Capability,Low Readiness/Capability,Low Readiness/Capability,Moderate Readiness/Capability,Moderate Readiness/Capability,High Readiness/Capability,Moderate Readiness/Capability,Moderate Readiness/Capability,Moderate Readiness/Capability,Moderate Readiness/Capability,Moderate Readiness/Capability,High Readiness/Capability,Low Readiness/Capability,Level 3: Defined/Standardized,Level 4: Managed/Quantitatively Managed,Level 4: Managed/Quantitatively Managed,Level 5: Optimizing/Innovating,Level 3: Defined/Standardized,Level 4: Managed/Quantitatively Managed,Level 2: Developing/Repeatable,Level 3: Defined/Standardized,Level 2: Developing/Repeatable,No,complete,,,69c17630acada6abeead2da5,69c2f7633cadf6aa997a3c9e,prolific,https://app.prolific.com/submissions/complete?cc=CQ9PVTWX,,Unknown,0,,0,,0,,
2026-03-24,2026-03-24,IP Address,100,643,True,2026-03-24,bfed1384bd106e71802a5230b4637797,anonymous,,Other (please specify),None,I have limited involvement — I primarily implement technology decisions made by leadership,Health Care and Social Assistance (Private),,5000-9999,For-Profit,$10M-$49M,<$10M,International,International,Not a Barrier,Not a Barrier,Not a Barrier,Not a Barrier,Not a Barrier,Moderate Barrier,Significant Barrier,Not a Barrier,Minor Barrier,Not a Barrier,Significant Barrier,Moderate Barrier,Moderate Barrier,Minor Barrier,Minor Barrier,Moderate Barrier,Significant Barrier,Minor Barrier,Major Barrier,,,,,,High cost associated with acquiring or implementing new technologies.,,,"Difficulty demonstrating clear value (e.g., mission impact, public value, cost-effectiveness) for new technology investments.",,,,,,,,"Pressure to adopt technology due to external factors (e.g., mandates, public expectations, peer agency actions), without adequate internal readiness.",,Very High Readiness/Capability,Very High Readiness/Capability,Low Readiness/Capability,Very High Readiness/Capability,Very High Readiness/Capability,High Readiness/Capability,High Readiness/Capability,High Readiness/Capability,High Readiness/Capability,Moderate Readiness/Capability,Very High Readiness/Capability,Low Readiness/Capability,Very High Readiness/Capability,Moderate Readiness/Capability,Moderate Readiness/Capability,Moderate Readiness/Capability,Low Readiness/Capability,Low Readiness/Capability,Level 3: Defined/Standardized,Level 4: Managed/Quantitatively Managed,Level 4: Managed/Quantitatively Managed,Level 3: Defined/Standardized,Level 2: Developing/Repeatable,Level 3: Defined/Standardized,Level 4: Managed/Quantitatively Managed,Level 5: Optimizing/Innovating,Level 2: Developing/Repeatable,"Maybe evaluate whether the outcomes of the technology adoption would warrant the money, time, and staffing. ",complete,,,69c17630acada6abeead2da5,69c30bb3eaaaf71b7adb5389,prolific,https://app.prolific.com/submissions/complete?cc=CQ9PVTWX,,Unknown,0,,0,,0,,
2026-03-24,2026-03-24,IP Address,100,928,True,2026-03-24,c5ee82b2cf4e675001595e9e7cb04f42,anonymous,,"CIO (e.g., Director of IT)",,I am one of several key decision-makers who collectively decide on technology adoption,Manufacturing,,500-999,For-Profit,$500M-$999M,$50M-$99M,United States,National,Significant Barrier,Moderate Barrier,Minor Barrier,Significant Barrier,Moderate Barrier,Significant Barrier,Moderate Barrier,Moderate Barrier,Significant Barrier,Moderate Barrier,Moderate Barrier,Significant Barrier,Major Barrier,Significant Barrier,Moderate Barrier,Significant Barrier,Moderate Barrier,Minor Barrier,Major Barrier,,,,,,,,,"Difficulty demonstrating clear value (e.g., mission impact, public value, cost-effectiveness) for new technology investments.",,,,Concerns about cybersecurity risks associated with new technologies.,Concerns about data privacy compliance related to new technologies.,,,,,High Readiness/Capability,High Readiness/Capability,Moderate Readiness/Capability,Moderate Readiness/Capability,Moderate Readiness/Capability,Moderate Readiness/Capability,Moderate Readiness/Capability,Moderate Readiness/Capability,Moderate Readiness/Capability,Moderate Readiness/Capability,Moderate Readiness/Capability,Moderate Readiness/Capability,Moderate Readiness/Capability,High Readiness/Capability,Moderate Readiness/Capability,Moderate Readiness/Capability,High Readiness/Capability,Low Readiness/Capability,Level 3: Defined/Standardized,Level 3: Defined/Standardized,Level 3: Defined/Standardized,Level 3: Defined/Standardized,Level 3: Defined/Standardized,Level 3: Defined/Standardized,Level 4: Managed/Quantitatively Managed,Level 3: Defined/Standardized,Level 2: Developing/Repeatable,"We didn't fully address cross functional collaboration.  Despite processes being defined, there can still be difficulty getting business units aligned with new technology.  ",complete,,,69c17630acada6abeead2da5,69c319d9fbc1c7ccac885a30,prolific,https://app.prolific.com/submissions/complete?cc=CQ9PVTWX,,Unknown,0,,0,,0,,
2026-03-24,2026-03-24,IP Address,100,656,True,2026-03-24,72cfd4de4ac540ea7ddfd849f6764002,anonymous,,"CEO (e.g., Agency Director, Secretary, Administrator, City/County Manager)",,I am the primary decision-maker for technology adoption in my area of responsibility,"Agriculture, Forestry, Fishing and Hunting",,<100,For-Profit,<$10M,<$10M,United States,Regional,Minor Barrier,Minor Barrier,Minor Barrier,Not a Barrier,Minor Barrier,Significant Barrier,Minor Barrier,Moderate Barrier,Minor Barrier,Minor Barrier,Not a Barrier,Minor Barrier,Moderate Barrier,Moderate Barrier,Minor Barrier,Minor Barrier,Minor Barrier,Not a Barrier,Major Barrier,,,,,,High cost associated with acquiring or implementing new technologies.,,,,,,,,Concerns about data privacy compliance related to new technologies.,Lack of trust in the reliability or performance of new technologies or vendors.,,,,High Readiness/Capability,Moderate Readiness/Capability,Moderate Readiness/Capability,High Readiness/Capability,Moderate Readiness/Capability,Very High Readiness/Capability,Moderate Readiness/Capability,Low Readiness/Capability,Low Readiness/Capability,Moderate Readiness/Capability,Moderate Readiness/Capability,High Readiness/Capability,Very High Readiness/Capability,Very High Readiness/Capability,High Readiness/Capability,Low Readiness/Capability,Low Readiness/Capability,Low Readiness/Capability,Level 5: Optimizing/Innovating,Level 4: Managed/Quantitatively Managed,Level 3: Defined/Standardized,Level 4: Managed/Quantitatively Managed,Level 2: Developing/Repeatable,Level 3: Defined/Standardized,Level 3: Defined/Standardized,Level 3: Defined/Standardized,Level 2: Developing/Repeatable,I answered the questions to the best of my knowledge and hope that my answers help your study.,error,timeout,,69c17630acada6abeead2da5,69c32181b7d533fcf68dd176,prolific,https://app.prolific.com/submissions/complete?cc=CQ9PVTWX,,Unknown,0,,0,,0,,
2026-03-25,2026-03-25,IP Address,100,546,True,2026-03-25,207bc6833a87507502fec30f2c0ab505,anonymous,,"COO (e.g., Deputy Director, Chief of Staff, Assistant Secretary for Administration)",,"I provide significant input and recommendations, but final decisions are made by others",State Government,,1000-4999,Government/Public Sector,$10M-$49M,<$10M,United States,Regional,Minor Barrier,Major Barrier,Significant Barrier,Moderate Barrier,Significant Barrier,Significant Barrier,Significant Barrier,Moderate Barrier,Moderate Barrier,Major Barrier,Significant Barrier,Minor Barrier,Significant Barrier,Major Barrier,Minor Barrier,Minor Barrier,Significant Barrier,Moderate Barrier,Major Barrier,,,,,,High cost associated with acquiring or implementing new technologies.,,,,Lack of a clear strategy or roadmap for technology adoption.,,,,Concerns about data privacy compliance related to new technologies.,,,,,Very Low Readiness/Capability,Low Readiness/Capability,Low Readiness/Capability,Very Low Readiness/Capability,Low Readiness/Capability,Low Readiness/Capability,Low Readiness/Capability,Low Readiness/Capability,Moderate Readiness/Capability,Moderate Readiness/Capability,Low Readiness/Capability,High Readiness/Capability,Low Readiness/Capability,High Readiness/Capability,Moderate Readiness/Capability,Moderate Readiness/Capability,Low Readiness/Capability,Low Readiness/Capability,Level 3: Defined/Standardized,Level 2: Developing/Repeatable,Level 3: Defined/Standardized,Level 3: Defined/Standardized,Level 3: Defined/Standardized,Level 2: Developing/Repeatable,Level 1: Initial/Ad Hoc,Level 2: Developing/Repeatable,Level 2: Developing/Repeatable,Overall budget of products and long term implementation and availability of these products that meet government standards and requirements ,complete,,,69c17630acada6abeead2da5,69c325b87719511771db8990,prolific,https://app.prolific.com/submissions/complete?cc=CQ9PVTWX,,Unknown,0,,0,,0,,
2026-03-25,2026-03-25,IP Address,100,698,True,2026-03-25,210dc745655f821d3c38ff0c197e6f85,anonymous,,"CFO (e.g., Director of Finance, Budget Director, Comptroller)",,"I provide significant input and recommendations, but final decisions are made by others",Public Education (K-12/Higher Ed),,100-499,Government/Public Sector,$10M-$49M,$10M-$49M,United States,Local,Moderate Barrier,Moderate Barrier,Moderate Barrier,Moderate Barrier,Moderate Barrier,Major Barrier,Significant Barrier,Major Barrier,Significant Barrier,Significant Barrier,Minor Barrier,Moderate Barrier,Significant Barrier,Minor Barrier,Moderate Barrier,Moderate Barrier,Moderate Barrier,Minor Barrier,Major Barrier,,,,,,High cost associated with acquiring or implementing new technologies.,Difficulty integrating new technologies with existing legacy systems.,"Inadequate IT infrastructure (e.g., network, storage, computing power) to support new technologies.",,,,,,,,,,,Moderate Readiness/Capability,High Readiness/Capability,Low Readiness/Capability,High Readiness/Capability,Moderate Readiness/Capability,Low Readiness/Capability,Moderate Readiness/Capability,Moderate Readiness/Capability,Moderate Readiness/Capability,Low Readiness/Capability,Low Readiness/Capability,Moderate Readiness/Capability,Very Low Readiness/Capability,Low Readiness/Capability,Low Readiness/Capability,Moderate Readiness/Capability,Moderate Readiness/Capability,Low Readiness/Capability,Level 3: Defined/Standardized,Level 3: Defined/Standardized,Don't Know,Level 4: Managed/Quantitatively Managed,Don't Know,Level 3: Defined/Standardized,Level 3: Defined/Standardized,Level 4: Managed/Quantitatively Managed,Level 2: Developing/Repeatable,No,complete,,,69c17630acada6abeead2da5,69c33c1d11aea67ea75aa4df,prolific,https://app.prolific.com/submissions/complete?cc=CQ9PVTWX,,Unknown,0,,0,,0,,
2026-03-25,2026-03-25,IP Address,100,336,True,2026-03-25,76ba69c0dbabb7518339a65c75575a1f,anonymous,,"CTO (e.g., Director of Technology/Innovation, Chief Scientist)",,I am the primary decision-maker for technology adoption in my area of responsibility,Non-Profit Organization (Non-Governmental),,100-499,Non-Profit,$10M-$49M,<$10M,United States,Regional,Minor Barrier,Not a Barrier,Not a Barrier,Significant Barrier,Major Barrier,Significant Barrier,Minor Barrier,Minor Barrier,Moderate Barrier,Minor Barrier,Not a Barrier,Moderate Barrier,Moderate Barrier,Major Barrier,Significant Barrier,Minor Barrier,Moderate Barrier,Significant Barrier,Major Barrier,,,,,Inadequate training programs for new technologies.,High cost associated with acquiring or implementing new technologies.,,,,,,,,Concerns about data privacy compliance related to new technologies.,,,,,Very High Readiness/Capability,High Readiness/Capability,Moderate Readiness/Capability,Moderate Readiness/Capability,Moderate Readiness/Capability,Moderate Readiness/Capability,Low Readiness/Capability,High Readiness/Capability,High Readiness/Capability,High Readiness/Capability,Moderate Readiness/Capability,Moderate Readiness/Capability,Low Readiness/Capability,Low Readiness/Capability,Moderate Readiness/Capability,High Readiness/Capability,Moderate Readiness/Capability,Low Readiness/Capability,Level 4: Managed/Quantitatively Managed,Level 4: Managed/Quantitatively Managed,Level 5: Optimizing/Innovating,Level 3: Defined/Standardized,Level 4: Managed/Quantitatively Managed,Level 5: Optimizing/Innovating,Level 5: Optimizing/Innovating,Level 5: Optimizing/Innovating,Level 2: Developing/Repeatable,Lack of regional availability ,complete,,,69c17630acada6abeead2da5,69c36926189ef3976ea89e3a,prolific,https://app.prolific.com/submissions/complete?cc=CQ9PVTWX,,Unknown,0,,0,,0,,
2026-03-25,2026-03-25,IP Address,100,940,True,2026-03-25,a8f5f34aa680c0634d9c8dabcee07687,anonymous,,"CTO (e.g., Director of Technology/Innovation, Chief Scientist)",,I am the primary decision-maker for technology adoption in my area of responsibility,Information,,1000-4999,For-Profit,$100M-$499M,$10M-$49M,United States,National,Significant Barrier,Minor Barrier,Moderate Barrier,Moderate Barrier,Moderate Barrier,Significant Barrier,Significant Barrier,Moderate Barrier,Significant Barrier,Moderate Barrier,Moderate Barrier,Significant Barrier,Significant Barrier,Significant Barrier,Moderate Barrier,Moderate Barrier,Moderate Barrier,Moderate Barrier,Major Barrier,Resistance to change among employees or middle management.,,,,,,Difficulty integrating new technologies with existing legacy systems.,,,,,,Concerns about cybersecurity risks associated with new technologies.,,,,,,High Readiness/Capability,High Readiness/Capability,High Readiness/Capability,High Readiness/Capability,High Readiness/Capability,Moderate Readiness/Capability,Moderate Readiness/Capability,Moderate Readiness/Capability,High Readiness/Capability,Moderate Readiness/Capability,High Readiness/Capability,High Readiness/Capability,High Readiness/Capability,High Readiness/Capability,Moderate Readiness/Capability,High Readiness/Capability,High Readiness/Capability,Low Readiness/Capability,Level 4: Managed/Quantitatively Managed,Level 4: Managed/Quantitatively Managed,Level 3: Defined/Standardized,Level 4: Managed/Quantitatively Managed,Level 4: Managed/Quantitatively Managed,Level 4: Managed/Quantitatively Managed,Level 3: Defined/Standardized,Level 3: Defined/Standardized,Level 2: Developing/Repeatable,Limited cross department collaboration and competing priorities sometimes slow adoption even when technology is high. ,complete,,,69c17630acada6abeead2da5,69c3b72e4c3ca7d0c0257ec0,prolific,https://app.prolific.com/submissions/complete?cc=CQ9PVTWX,,Unknown,0,,0,,0,,
2026-03-25,2026-03-25,IP Address,100,1284,True,2026-03-25,92c7b3963777ebc1aca9f5bbd56d492b,anonymous,,"CSO (e.g., Director of Strategic Planning, Policy Director, Chief Strategy Officer)",,"I provide significant input and recommendations, but final decisions are made by others",Manufacturing,,500-999,For-Profit,$100M-$499M,$10M-$49M,United States,International,Moderate Barrier,Minor Barrier,Minor Barrier,Moderate Barrier,Minor Barrier,Minor Barrier,Moderate Barrier,Minor Barrier,Significant Barrier,Moderate Barrier,Moderate Barrier,Moderate Barrier,Moderate Barrier,Moderate Barrier,Minor Barrier,Significant Barrier,Minor Barrier,Minor Barrier,Major Barrier,,,,,,,Difficulty integrating new technologies with existing legacy systems.,,,,,New technologies disrupting existing workflows or processes significantly.,,Concerns about data privacy compliance related to new technologies.,,,,,Moderate Readiness/Capability,High Readiness/Capability,High Readiness/Capability,Very High Readiness/Capability,High Readiness/Capability,Moderate Readiness/Capability,High Readiness/Capability,High Readiness/Capability,High Readiness/Capability,Very High Readiness/Capability,High Readiness/Capability,Moderate Readiness/Capability,Moderate Readiness/Capability,High Readiness/Capability,Moderate Readiness/Capability,Moderate Readiness/Capability,High Readiness/Capability,Low Readiness/Capability,Level 5: Optimizing/Innovating,Level 4: Managed/Quantitatively Managed,Level 4: Managed/Quantitatively Managed,Level 4: Managed/Quantitatively Managed,Level 4: Managed/Quantitatively Managed,Level 4: Managed/Quantitatively Managed,Level 5: Optimizing/Innovating,Level 3: Defined/Standardized,Level 4: Managed/Quantitatively Managed,Good survey,complete,,,69c17630acada6abeead2da5,69c3c04cdc69d82bf8499931,prolific,https://app.prolific.com/submissions/complete?cc=CQ9PVTWX,,Unknown,0,,0,,0,,
2026-03-25,2026-03-25,IP Address,100,1065,True,2026-03-25,1a605f3f52412edf3c5be88bc6e05a34,anonymous,,"CMO (e.g., Director of Communications, Public Affairs Officer, Chief Marketing & Communications Officer)",,I am one of several key decision-makers who collectively decide on technology adoption,"Professional, Scientific, and Technical Services",,<100,For-Profit,<$10M,<$10M,United States,National,Minor Barrier,Not a Barrier,Minor Barrier,Moderate Barrier,Moderate Barrier,Moderate Barrier,Moderate Barrier,Not a Barrier,Minor Barrier,Moderate Barrier,Moderate Barrier,Minor Barrier,Major Barrier,Major Barrier,Moderate Barrier,Significant Barrier,Moderate Barrier,Moderate Barrier,Major Barrier,,,,,,,,,,,,,Concerns about cybersecurity risks associated with new technologies.,Concerns about data privacy compliance related to new technologies.,,Uncertainty or complexity related to regulatory requirements.,,,Moderate Readiness/Capability,Moderate Readiness/Capability,High Readiness/Capability,Moderate Readiness/Capability,Very High Readiness/Capability,High Readiness/Capability,Low Readiness/Capability,High Readiness/Capability,High Readiness/Capability,High Readiness/Capability,Moderate Readiness/Capability,Moderate Readiness/Capability,High Readiness/Capability,High Readiness/Capability,High Readiness/Capability,Moderate Readiness/Capability,High Readiness/Capability,Low Readiness/Capability,Level 3: Defined/Standardized,Level 4: Managed/Quantitatively Managed,Level 4: Managed/Quantitatively Managed,Level 3: Defined/Standardized,Level 2: Developing/Repeatable,Level 3: Defined/Standardized,Level 2: Developing/Repeatable,Level 3: Defined/Standardized,Level 2: Developing/Repeatable,"TRUST..Is one of the most important factors. Change can be difficult for some and you have to present the facts, both benefits and possible problem factors related to said changes.",complete,,,69c17630acada6abeead2da5,69c3ec52bb7d41daf4b01fc1,prolific,https://app.prolific.com/submissions/complete?cc=CQ9PVTWX,,Unknown,0,,0,,0,,
2026-03-25,2026-03-25,IP Address,100,392,True,2026-03-25,da5bc82b7c4b9b4bdf6d5216b6f5a87f,anonymous,,"CFO (e.g., Director of Finance, Budget Director, Comptroller)",,"I provide significant input and recommendations, but final decisions are made by others",Information,,100-499,For-Profit,$10M-$49M,<$10M,United States,International,Not a Barrier,Not a Barrier,Not a Barrier,Minor Barrier,Not a Barrier,Not a Barrier,Minor Barrier,Not a Barrier,Not a Barrier,Not a Barrier,Not a Barrier,Not a Barrier,Moderate Barrier,Not a Barrier,Minor Barrier,Not a Barrier,Not a Barrier,Not a Barrier,Major Barrier,,,,,,,Difficulty integrating new technologies with existing legacy systems.,,,,,New technologies disrupting existing workflows or processes significantly.,Concerns about cybersecurity risks associated with new technologies.,,,,,,Moderate Readiness/Capability,High Readiness/Capability,High Readiness/Capability,High Readiness/Capability,Very High Readiness/Capability,Moderate Readiness/Capability,Moderate Readiness/Capability,Moderate Readiness/Capability,Moderate Readiness/Capability,Low Readiness/Capability,High Readiness/Capability,Low Readiness/Capability,Moderate Readiness/Capability,Moderate Readiness/Capability,Moderate Readiness/Capability,Moderate Readiness/Capability,High Readiness/Capability,Low Readiness/Capability,Level 4: Managed/Quantitatively Managed,Level 3: Defined/Standardized,Level 3: Defined/Standardized,Level 2: Developing/Repeatable,Level 2: Developing/Repeatable,Level 4: Managed/Quantitatively Managed,Level 3: Defined/Standardized,Level 3: Defined/Standardized,Level 2: Developing/Repeatable,NA,complete,,,69c17630acada6abeead2da5,69c3f55c3c49fdc0084312b3,prolific,https://app.prolific.com/submissions/complete?cc=CQ9PVTWX,,Unknown,0,,0,,0,,
2026-03-25,2026-03-25,IP Address,100,1104,True,2026-03-25,10cd5266c0a28e67235cdcf67a961171,anonymous,,"CIO (e.g., Director of IT)",,I am the primary decision-maker for technology adoption in my area of responsibility,Retail Trade,,5000-9999,For-Profit,$500M-$999M,$10M-$49M,United States,National,Not a Barrier,Not a Barrier,Not a Barrier,Not a Barrier,Not a Barrier,Minor Barrier,Moderate Barrier,Not a Barrier,Not a Barrier,Not a Barrier,Not a Barrier,Not a Barrier,Significant Barrier,Moderate Barrier,Minor Barrier,Moderate Barrier,Minor Barrier,Moderate Barrier,Not a Barrier,,,,,,,,,,,,New technologies disrupting existing workflows or processes significantly.,Concerns about cybersecurity risks associated with new technologies.,Concerns about data privacy compliance related to new technologies.,,,,,Very High Readiness/Capability,Very High Readiness/Capability,High Readiness/Capability,Very High Readiness/Capability,High Readiness/Capability,Don't Know,Moderate Readiness/Capability,Very High Readiness/Capability,Don't Know,Very High Readiness/Capability,Very High Readiness/Capability,High Readiness/Capability,Very High Readiness/Capability,Very High Readiness/Capability,Very High Readiness/Capability,High Readiness/Capability,High Readiness/Capability,Low Readiness/Capability,Level 5: Optimizing/Innovating,Level 5: Optimizing/Innovating,Level 4: Managed/Quantitatively Managed,Level 4: Managed/Quantitatively Managed,Level 5: Optimizing/Innovating,Level 4: Managed/Quantitatively Managed,Level 5: Optimizing/Innovating,Level 4: Managed/Quantitatively Managed,Level 2: Developing/Repeatable,This survey addressed the average barriers which are seen in this type of work. I do feel that one that was missed was what kind of barrier consistency in leadership can provide. For example if a C-Suite level employee steps down how does that impact the roll out of the tech.,complete,,,69c17630acada6abeead2da5,69c42a32961c9aaa911cf0d8,prolific,https://app.prolific.com/submissions/complete?cc=CQ9PVTWX,,Unknown,0,,0,,0,,
2026-03-25,2026-03-25,IP Address,100,4239,True,2026-03-25,396c47cefdb1d488ddf6151bca757a7a,anonymous,,Other (please specify),operations manager,I am one of several key decision-makers who collectively decide on technology adoption,Wholesale Trade,,500-999,For-Profit,$100M-$499M,$100M-$499M,United States,Local,Minor Barrier,Minor Barrier,Not a Barrier,Moderate Barrier,Not a Barrier,Moderate Barrier,Moderate Barrier,Moderate Barrier,Moderate Barrier,Minor Barrier,Not a Barrier,Not a Barrier,Major Barrier,Major Barrier,Not a Barrier,Minor Barrier,Minor Barrier,Not a Barrier,Major Barrier,Resistance to change among employees or middle management.,,,,,,,,,,,,Concerns about cybersecurity risks associated with new technologies.,Concerns about data privacy compliance related to new technologies.,,,,,High Readiness/Capability,Very High Readiness/Capability,Moderate Readiness/Capability,High Readiness/Capability,Very High Readiness/Capability,High Readiness/Capability,High Readiness/Capability,High Readiness/Capability,High Readiness/Capability,High Readiness/Capability,Very High Readiness/Capability,High Readiness/Capability,High Readiness/Capability,Very High Readiness/Capability,High Readiness/Capability,Very High Readiness/Capability,Moderate Readiness/Capability,Low Readiness/Capability,Level 4: Managed/Quantitatively Managed,Level 4: Managed/Quantitatively Managed,Level 4: Managed/Quantitatively Managed,Level 5: Optimizing/Innovating,Level 4: Managed/Quantitatively Managed,Level 5: Optimizing/Innovating,Level 5: Optimizing/Innovating,Level 5: Optimizing/Innovating,Level 4: Managed/Quantitatively Managed,Our main concern is keeping up with the competitors and also ensuring data privacy and protection from cyberattacks. It is a balance we are navigating and learning the most efficient way to invest in the future and keep our prices low for our customers. ,complete,,,69c17630acada6abeead2da5,69c4207b46f6cb1766ba775d,prolific,https://app.prolific.com/submissions/complete?cc=CQ9PVTWX,,Unknown,0,,0,,0,,
2026-03-25,2026-03-25,IP Address,100,443,True,2026-03-25,b4878ea381f1b804dfe2f52fcee37429,anonymous,,Other (please specify),Contractor,I have limited involvement — I primarily implement technology decisions made by leadership,Finance and Insurance,,5000-9999,For-Profit,$1B+,<$10M,United States,National,Significant Barrier,Minor Barrier,Moderate Barrier,Moderate Barrier,Minor Barrier,Moderate Barrier,Major Barrier,Not a Barrier,Minor Barrier,Moderate Barrier,Minor Barrier,Significant Barrier,Major Barrier,Major Barrier,Significant Barrier,Significant Barrier,Moderate Barrier,Minor Barrier,Major Barrier,,,Organizational culture that discourages risk-taking or experimentation with new technologies.,,,,,,,,,,Concerns about cybersecurity risks associated with new technologies.,,,Uncertainty or complexity related to regulatory requirements.,,,Moderate Readiness/Capability,High Readiness/Capability,Very High Readiness/Capability,Low Readiness/Capability,Moderate Readiness/Capability,High Readiness/Capability,High Readiness/Capability,Moderate Readiness/Capability,High Readiness/Capability,Moderate Readiness/Capability,Low Readiness/Capability,Moderate Readiness/Capability,Very High Readiness/Capability,High Readiness/Capability,Moderate Readiness/Capability,Very High Readiness/Capability,Very High Readiness/Capability,Low Readiness/Capability,Level 2: Developing/Repeatable,Level 2: Developing/Repeatable,Level 3: Defined/Standardized,Level 3: Defined/Standardized,Level 4: Managed/Quantitatively Managed,Level 4: Managed/Quantitatively Managed,Level 3: Defined/Standardized,Level 5: Optimizing/Innovating,Level 2: Developing/Repeatable,no,complete,,,69c17630acada6abeead2da5,69c4321dfbb90742335c183e,prolific,https://app.prolific.com/submissions/complete?cc=CQ9PVTWX,,Unknown,0,,0,,0,,
2026-03-25,2026-03-25,IP Address,100,374,True,2026-03-25,ef39f84dc9e60faa552f74bde1162886,anonymous,,"COO (e.g., Deputy Director, Chief of Staff, Assistant Secretary for Administration)",,I am the primary decision-maker for technology adoption in my area of responsibility,Construction,,<100,For-Profit,<$10M,<$10M,United States,Local,Moderate Barrier,Moderate Barrier,Not a Barrier,Significant Barrier,Moderate Barrier,Major Barrier,Major Barrier,Significant Barrier,Moderate Barrier,Significant Barrier,Moderate Barrier,Significant Barrier,Significant Barrier,Moderate Barrier,Major Barrier,Significant Barrier,Not a Barrier,Major Barrier,Minor Barrier,,,,,,,,"Inadequate IT infrastructure (e.g., network, storage, computing power) to support new technologies.",,Lack of a clear strategy or roadmap for technology adoption.,,,Concerns about cybersecurity risks associated with new technologies.,,,,,,Moderate Readiness/Capability,Moderate Readiness/Capability,Very Low Readiness/Capability,Moderate Readiness/Capability,Low Readiness/Capability,Low Readiness/Capability,Very Low Readiness/Capability,Moderate Readiness/Capability,Very High Readiness/Capability,Moderate Readiness/Capability,Very Low Readiness/Capability,Low Readiness/Capability,Low Readiness/Capability,Low Readiness/Capability,Low Readiness/Capability,Low Readiness/Capability,Very Low Readiness/Capability,Low Readiness/Capability,Level 1: Initial/Ad Hoc,Level 1: Initial/Ad Hoc,Level 1: Initial/Ad Hoc,Level 1: Initial/Ad Hoc,Level 1: Initial/Ad Hoc,Level 1: Initial/Ad Hoc,Level 1: Initial/Ad Hoc,Level 1: Initial/Ad Hoc,Level 2: Developing/Repeatable,Not that I can think of,complete,,,69c17630acada6abeead2da5,69c448dfa4324844a62623d8,prolific,https://app.prolific.com/submissions/complete?cc=CQ9PVTWX,,Unknown,0,,0,,0,,
2026-03-25,2026-03-25,IP Address,100,400,True,2026-03-25,7ec8d64571647dfbb0fb0331fe88b2ae,anonymous,,Other (please specify),Director of Strategic Projects,I am one of several key decision-makers who collectively decide on technology adoption,Manufacturing,,<100,For-Profit,$10M-$49M,<$10M,United States,Local,Moderate Barrier,Moderate Barrier,Minor Barrier,Significant Barrier,Minor Barrier,Significant Barrier,Major Barrier,Moderate Barrier,Significant Barrier,Moderate Barrier,Moderate Barrier,Minor Barrier,Minor Barrier,Moderate Barrier,Moderate Barrier,Minor Barrier,Minor Barrier,Not a Barrier,Not a Barrier,,,,Insufficient skills or expertise within the workforce to utilize new technologies effectively.,,High cost associated with acquiring or implementing new technologies.,Difficulty integrating new technologies with existing legacy systems.,,,,,,,,,,,,Moderate Readiness/Capability,Moderate Readiness/Capability,Very Low Readiness/Capability,Moderate Readiness/Capability,Moderate Readiness/Capability,Very Low Readiness/Capability,Very Low Readiness/Capability,Very Low Readiness/Capability,Low Readiness/Capability,Very Low Readiness/Capability,Very Low Readiness/Capability,Very Low Readiness/Capability,Low Readiness/Capability,Very Low Readiness/Capability,Very Low Readiness/Capability,Low Readiness/Capability,Very Low Readiness/Capability,Low Readiness/Capability,Level 2: Developing/Repeatable,Level 1: Initial/Ad Hoc,Level 3: Defined/Standardized,Level 2: Developing/Repeatable,Level 1: Initial/Ad Hoc,Level 1: Initial/Ad Hoc,Level 2: Developing/Repeatable,Level 3: Defined/Standardized,Level 2: Developing/Repeatable,Our company is just beginning to dip our toes in the water of technology changing having just implemented a warehouse management systems in the last few years. ,complete,,,69c17630acada6abeead2da5,69c4645407834fbbf33618ed,prolific,https://app.prolific.com/submissions/complete?cc=CQ9PVTWX,,Unknown,0,,0,,0,,
2026-03-25,2026-03-25,IP Address,100,832,True,2026-03-25,0087c812bac5f2daf52992b7c5ab6d8c,anonymous,,"CIO (e.g., Director of IT)",,I am one of several key decision-makers who collectively decide on technology adoption,Other (please specify),Tech,100-499,For-Profit,$50M-$99M,$10M-$49M,International,International,Moderate Barrier,Not a Barrier,Not a Barrier,Minor Barrier,Moderate Barrier,Not a Barrier,Moderate Barrier,Not a Barrier,Not a Barrier,Not a Barrier,Minor Barrier,Minor Barrier,Significant Barrier,Minor Barrier,Minor Barrier,Moderate Barrier,Not a Barrier,Not a Barrier,Major Barrier,,,,,,,Difficulty integrating new technologies with existing legacy systems.,,,,,New technologies disrupting existing workflows or processes significantly.,,Concerns about data privacy compliance related to new technologies.,,,,,Moderate Readiness/Capability,High Readiness/Capability,Moderate Readiness/Capability,High Readiness/Capability,Very High Readiness/Capability,High Readiness/Capability,High Readiness/Capability,Low Readiness/Capability,Very High Readiness/Capability,Low Readiness/Capability,Moderate Readiness/Capability,Low Readiness/Capability,Very High Readiness/Capability,Very High Readiness/Capability,Moderate Readiness/Capability,Moderate Readiness/Capability,High Readiness/Capability,Low Readiness/Capability,Level 3: Defined/Standardized,Level 5: Optimizing/Innovating,Level 3: Defined/Standardized,Level 5: Optimizing/Innovating,Level 4: Managed/Quantitatively Managed,Level 4: Managed/Quantitatively Managed,Level 4: Managed/Quantitatively Managed,Level 2: Developing/Repeatable,Level 2: Developing/Repeatable,"we have an issue with middlee-management bottlenecks. Even when leadership is totaly on board and teams are actually open to trying new things, adoption can still kind of get stuck in the middle. A lot of middle managers are focused on short-term delivery and just keeping things running smoothly, so anything new can feel more like a risk than an opportunity. If the tool slows things down even a little at the start, it’s easy for them to fall back on what already works. And without really aligning incentives or giving them a sense of ownership in the change, they’re not super motivated to push it forward. That’s usually where adoption starts to plateau or lose signifcant momentum.",complete,,,69c17630acada6abeead2da5,69c47341dd489e4e208dce14,prolific,https://app.prolific.com/submissions/complete?cc=CQ9PVTWX,,Unknown,0,,0,,0,,
2026-03-26,2026-03-26,IP Address,100,1352,True,2026-03-26,00c3e8d27bcde0b9736118ea9207e1bb,anonymous,,"CTO (e.g., Director of Technology/Innovation, Chief Scientist)",,I am one of several key decision-makers who collectively decide on technology adoption,Information,,10000+,For-Profit,$1B+,$10M-$49M,United States,National,Major Barrier,Minor Barrier,Moderate Barrier,Major Barrier,Not a Barrier,Minor Barrier,Major Barrier,Significant Barrier,Significant Barrier,Minor Barrier,Moderate Barrier,Major Barrier,Significant Barrier,Significant Barrier,Minor Barrier,Moderate Barrier,Major Barrier,Minor Barrier,Major Barrier,,,,Insufficient skills or expertise within the workforce to utilize new technologies effectively.,,,Difficulty integrating new technologies with existing legacy systems.,,,,,,,,,,"Pressure to adopt technology due to external factors (e.g., mandates, public expectations, peer agency actions), without adequate internal readiness.",,High Readiness/Capability,Moderate Readiness/Capability,High Readiness/Capability,Low Readiness/Capability,Moderate Readiness/Capability,Low Readiness/Capability,Low Readiness/Capability,High Readiness/Capability,Moderate Readiness/Capability,Very Low Readiness/Capability,Moderate Readiness/Capability,Very High Readiness/Capability,High Readiness/Capability,High Readiness/Capability,Moderate Readiness/Capability,Moderate Readiness/Capability,Moderate Readiness/Capability,Low Readiness/Capability,Level 4: Managed/Quantitatively Managed,Level 3: Defined/Standardized,Level 3: Defined/Standardized,Level 4: Managed/Quantitatively Managed,Level 4: Managed/Quantitatively Managed,Level 3: Defined/Standardized,Level 4: Managed/Quantitatively Managed,Level 3: Defined/Standardized,Level 2: Developing/Repeatable,I believe that the vendor ecosystem impacts technology adoption as some vendors have much more significant influence than other vendors with guiding the company's strategy.,complete,,,69c17630acada6abeead2da5,69c4b3927fc225d56d427ec5,prolific,https://app.prolific.com/submissions/complete?cc=CQ9PVTWX,,Unknown,0,,0,,0,,
2026-03-26,2026-03-26,IP Address,100,925,True,2026-03-26,79e0446b3fd8e88c04d26d40ebca06f2,anonymous,,"CRO (e.g., Director of Budget/Finance, Director of Development/Fundraising, Head of Revenue Operations)",,I am one of several key decision-makers who collectively decide on technology adoption,Finance and Insurance,,500-999,For-Profit,$100M-$499M,$10M-$49M,United States,National,Moderate Barrier,Minor Barrier,Minor Barrier,Not a Barrier,Minor Barrier,Moderate Barrier,Significant Barrier,Not a Barrier,Moderate Barrier,Not a Barrier,Not a Barrier,Not a Barrier,Significant Barrier,Moderate Barrier,Not a Barrier,Minor Barrier,Minor Barrier,Minor Barrier,Minor Barrier,,,,,,High cost associated with acquiring or implementing new technologies.,Difficulty integrating new technologies with existing legacy systems.,,,,,,,Concerns about data privacy compliance related to new technologies.,,,,,Moderate Readiness/Capability,High Readiness/Capability,Very High Readiness/Capability,Moderate Readiness/Capability,High Readiness/Capability,Moderate Readiness/Capability,Low Readiness/Capability,High Readiness/Capability,Moderate Readiness/Capability,Moderate Readiness/Capability,Moderate Readiness/Capability,High Readiness/Capability,Low Readiness/Capability,Very High Readiness/Capability,High Readiness/Capability,Moderate Readiness/Capability,High Readiness/Capability,Low Readiness/Capability,Level 5: Optimizing/Innovating,Level 5: Optimizing/Innovating,Level 2: Developing/Repeatable,Level 4: Managed/Quantitatively Managed,Level 3: Defined/Standardized,Level 4: Managed/Quantitatively Managed,Level 4: Managed/Quantitatively Managed,Level 2: Developing/Repeatable,Level 2: Developing/Repeatable,Turnover in the industry and knowledge transfer in niche industries cause heavy investment in talent to achieve these goals. ,complete,,,69c17630acada6abeead2da5,69c50fc1e9e638fe653618f5,prolific,https://app.prolific.com/submissions/complete?cc=CQ9PVTWX,,Unknown,0,,0,,0,,
2026-03-26,2026-03-26,IP Address,100,782,True,2026-03-26,42e7e6333d044e37f4315c7dae7fe409,anonymous,,"CFO (e.g., Director of Finance, Budget Director, Comptroller)",,"I provide significant input and recommendations, but final decisions are made by others",Retail Trade,,1000-4999,For-Profit,$500M-$999M,$100M-$499M,United States,National,Minor Barrier,Significant Barrier,Minor Barrier,Moderate Barrier,Moderate Barrier,Significant Barrier,Significant Barrier,Minor Barrier,Not a Barrier,Significant Barrier,Not a Barrier,Significant Barrier,Moderate Barrier,Not a Barrier,Moderate Barrier,Minor Barrier,Major Barrier,Minor Barrier,Major Barrier,,,,,,High cost associated with acquiring or implementing new technologies.,Difficulty integrating new technologies with existing legacy systems.,,,,,,,,,,"Pressure to adopt technology due to external factors (e.g., mandates, public expectations, peer agency actions), without adequate internal readiness.",,Low Readiness/Capability,Moderate Readiness/Capability,Don't Know,High Readiness/Capability,High Readiness/Capability,Very Low Readiness/Capability,Low Readiness/Capability,Moderate Readiness/Capability,High Readiness/Capability,Low Readiness/Capability,Moderate Readiness/Capability,Very High Readiness/Capability,High Readiness/Capability,High Readiness/Capability,Moderate Readiness/Capability,Low Readiness/Capability,Low Readiness/Capability,Low Readiness/Capability,Level 2: Developing/Repeatable,Level 2: Developing/Repeatable,Level 2: Developing/Repeatable,Level 3: Defined/Standardized,Level 3: Defined/Standardized,Level 1: Initial/Ad Hoc,Level 3: Defined/Standardized,Level 2: Developing/Repeatable,Level 2: Developing/Repeatable,Our biggest challenge is in our new executive team and a lack of understanding of current systems and processes. They’ve engaged consultants who are incentivized only by cost savings not business optimization ,complete,,,69c17630acada6abeead2da5,69c510de4e7803ab769fbb87,prolific,https://app.prolific.com/submissions/complete?cc=CQ9PVTWX,,Unknown,0,,0,,0,,
2026-03-26,2026-03-26,IP Address,100,476,True,2026-03-26,c2415de0276c8b4e8c7412ac946974a4,anonymous,,"CSO (e.g., Director of Strategic Planning, Policy Director, Chief Strategy Officer)",,I am the primary decision-maker for technology adoption in my area of responsibility,Accommodation and Food Services,,10000+,For-Profit,$1B+,$50M-$99M,International,International,Not a Barrier,Not a Barrier,Not a Barrier,Moderate Barrier,Not a Barrier,Minor Barrier,Not a Barrier,Not a Barrier,Not a Barrier,Not a Barrier,Not a Barrier,Minor Barrier,Significant Barrier,Significant Barrier,Moderate Barrier,Not a Barrier,Not a Barrier,Not a Barrier,Major Barrier,,,,,,,,,,,,,Concerns about cybersecurity risks associated with new technologies.,Concerns about data privacy compliance related to new technologies.,Lack of trust in the reliability or performance of new technologies or vendors.,,,,Very High Readiness/Capability,Very High Readiness/Capability,Very High Readiness/Capability,Very High Readiness/Capability,Very High Readiness/Capability,Moderate Readiness/Capability,Very High Readiness/Capability,Very High Readiness/Capability,Very High Readiness/Capability,Very High Readiness/Capability,Moderate Readiness/Capability,High Readiness/Capability,Very High Readiness/Capability,Very High Readiness/Capability,Very High Readiness/Capability,Very High Readiness/Capability,Very High Readiness/Capability,Low Readiness/Capability,Level 5: Optimizing/Innovating,Level 5: Optimizing/Innovating,Level 4: Managed/Quantitatively Managed,Level 3: Defined/Standardized,Level 4: Managed/Quantitatively Managed,Level 4: Managed/Quantitatively Managed,Level 3: Defined/Standardized,Level 5: Optimizing/Innovating,Level 2: Developing/Repeatable,,complete,,,69c17630acada6abeead2da5,69c51b913c6d832b7dfe5f67,prolific,https://app.prolific.com/submissions/complete?cc=CQ9PVTWX,,,0,,0,,0.07142857142857142,QID225,
2026-03-26,2026-03-26,IP Address,100,464,True,2026-03-26,8efc0aa302074ce118a3a0299855c394,anonymous,,Other (please specify),Director of Merchant Services ,I have no direct involvement in technology adoption decisions,Retail Trade,,100-499,For-Profit,<$10M,<$10M,United States,National,Not a Barrier,Moderate Barrier,Moderate Barrier,Minor Barrier,Moderate Barrier,Significant Barrier,Moderate Barrier,Moderate Barrier,Moderate Barrier,Moderate Barrier,Not a Barrier,Minor Barrier,Major Barrier,Significant Barrier,Minor Barrier,Minor Barrier,Moderate Barrier,Minor Barrier,Major Barrier,,,,,,,,,"Difficulty demonstrating clear value (e.g., mission impact, public value, cost-effectiveness) for new technology investments.",,,,Concerns about cybersecurity risks associated with new technologies.,,,,"Pressure to adopt technology due to external factors (e.g., mandates, public expectations, peer agency actions), without adequate internal readiness.",,Low Readiness/Capability,Low Readiness/Capability,Low Readiness/Capability,Very Low Readiness/Capability,Low Readiness/Capability,Low Readiness/Capability,Moderate Readiness/Capability,Very Low Readiness/Capability,Low Readiness/Capability,Low Readiness/Capability,Very Low Readiness/Capability,Low Readiness/Capability,Low Readiness/Capability,Very Low Readiness/Capability,Moderate Readiness/Capability,Low Readiness/Capability,Very Low Readiness/Capability,Low Readiness/Capability,Level 2: Developing/Repeatable,Level 2: Developing/Repeatable,Level 3: Defined/Standardized,Level 3: Defined/Standardized,Level 3: Defined/Standardized,Level 2: Developing/Repeatable,Level 1: Initial/Ad Hoc,Level 2: Developing/Repeatable,Level 2: Developing/Repeatable,,complete,,,69c17630acada6abeead2da5,69c52dc08558f8a26f5b4e6b,prolific,https://app.prolific.com/submissions/complete?cc=CQ9PVTWX,,,0,,0,,0.07142857142857142,QID225,
2026-03-26,2026-03-26,IP Address,100,666,True,2026-03-26,74b6d589a168fb7c988e986c4804c0fb,anonymous,,"CMO (e.g., Director of Communications, Public Affairs Officer, Chief Marketing & Communications Officer)",,I am one of several key decision-makers who collectively decide on technology adoption,Non-Profit Organization (Non-Governmental),,100-499,Non-Profit,$50M-$99M,<$10M,United States,Local,Significant Barrier,Moderate Barrier,Moderate Barrier,Significant Barrier,Moderate Barrier,Significant Barrier,Minor Barrier,Minor Barrier,Moderate Barrier,Moderate Barrier,Significant Barrier,Significant Barrier,Moderate Barrier,Moderate Barrier,Minor Barrier,Significant Barrier,Significant Barrier,Moderate Barrier,Major Barrier,Resistance to change among employees or middle management.,,Organizational culture that discourages risk-taking or experimentation with new technologies.,Insufficient skills or expertise within the workforce to utilize new technologies effectively.,,,,,,,,,,,,,,,Moderate Readiness/Capability,Low Readiness/Capability,High Readiness/Capability,Low Readiness/Capability,Low Readiness/Capability,Low Readiness/Capability,Moderate Readiness/Capability,Moderate Readiness/Capability,High Readiness/Capability,Moderate Readiness/Capability,Low Readiness/Capability,Moderate Readiness/Capability,Moderate Readiness/Capability,Low Readiness/Capability,Moderate Readiness/Capability,Low Readiness/Capability,Moderate Readiness/Capability,Low Readiness/Capability,Level 3: Defined/Standardized,Level 2: Developing/Repeatable,Level 4: Managed/Quantitatively Managed,Level 3: Defined/Standardized,Level 3: Defined/Standardized,Level 2: Developing/Repeatable,Level 2: Developing/Repeatable,Level 2: Developing/Repeatable,Level 2: Developing/Repeatable,,complete,,,69c17630acada6abeead2da5,69c52f4b6a3a253b94f7d786,prolific,https://app.prolific.com/submissions/complete?cc=CQ9PVTWX,,,0,,0,,0.07142857142857142,QID225,
2026-03-26,2026-03-26,IP Address,100,610,True,2026-03-26,c6c5e4317d516dc0aa3a2f66da41c44d,anonymous,,Other (please specify),Chief Investment Officer,I am one of several key decision-makers who collectively decide on technology adoption,Finance and Insurance,,<100,For-Profit,<$10M,<$10M,United States,National,Minor Barrier,Major Barrier,Not a Barrier,Moderate Barrier,Moderate Barrier,Major Barrier,Moderate Barrier,Minor Barrier,Minor Barrier,Significant Barrier,Moderate Barrier,Significant Barrier,Not a Barrier,Minor Barrier,Not a Barrier,Significant Barrier,Minor Barrier,Minor Barrier,Major Barrier,,"Lack of support or clear vision from top leadership (including the board, e.g., governing body, oversight committee).",,,,High cost associated with acquiring or implementing new technologies.,,,,Lack of a clear strategy or roadmap for technology adoption.,,,,,,,,,Low Readiness/Capability,Very Low Readiness/Capability,Very Low Readiness/Capability,High Readiness/Capability,Very High Readiness/Capability,Very Low Readiness/Capability,Moderate Readiness/Capability,Very Low Readiness/Capability,Low Readiness/Capability,Very Low Readiness/Capability,High Readiness/Capability,Very Low Readiness/Capability,High Readiness/Capability,Moderate Readiness/Capability,Moderate Readiness/Capability,Very Low Readiness/Capability,High Readiness/Capability,Low Readiness/Capability,Level 2: Developing/Repeatable,Level 1: Initial/Ad Hoc,Level 1: Initial/Ad Hoc,Level 2: Developing/Repeatable,Level 2: Developing/Repeatable,Level 2: Developing/Repeatable,Level 2: Developing/Repeatable,Level 1: Initial/Ad Hoc,Level 2: Developing/Repeatable,,complete,,,69c17630acada6abeead2da5,69c5305753a6948094e87617,prolific,https://app.prolific.com/submissions/complete?cc=CQ9PVTWX,,,0,,0,,0.07142857142857142,QID225,
2026-03-26,2026-03-26,IP Address,100,1480,True,2026-03-26,d341188ab61c29ff08496b253c86e055,anonymous,,"CTO (e.g., Director of Technology/Innovation, Chief Scientist)",,"I provide significant input and recommendations, but final decisions are made by others",Manufacturing,,10000+,For-Profit,$1B+,$1B+,International,International,Moderate Barrier,Minor Barrier,Minor Barrier,Major Barrier,Significant Barrier,Minor Barrier,Significant Barrier,Moderate Barrier,Major Barrier,Minor Barrier,Not a Barrier,Moderate Barrier,Major Barrier,Major Barrier,Moderate Barrier,Major Barrier,Minor Barrier,Minor Barrier,Minor Barrier,,,,,,,,,,,,New technologies disrupting existing workflows or processes significantly.,,Concerns about data privacy compliance related to new technologies.,,Uncertainty or complexity related to regulatory requirements.,,,High Readiness/Capability,Very High Readiness/Capability,Very High Readiness/Capability,High Readiness/Capability,Very High Readiness/Capability,High Readiness/Capability,High Readiness/Capability,Very High Readiness/Capability,Very High Readiness/Capability,Moderate Readiness/Capability,High Readiness/Capability,Very High Readiness/Capability,Moderate Readiness/Capability,High Readiness/Capability,Very High Readiness/Capability,Very High Readiness/Capability,Moderate Readiness/Capability,Low Readiness/Capability,Level 5: Optimizing/Innovating,Level 5: Optimizing/Innovating,Level 5: Optimizing/Innovating,Level 5: Optimizing/Innovating,Level 5: Optimizing/Innovating,Level 4: Managed/Quantitatively Managed,Level 5: Optimizing/Innovating,Level 4: Managed/Quantitatively Managed,Level 2: Developing/Repeatable,"One factor not fully captured in the survey is end-user education. Even when organizations deploy new technologies successfully, adoption can lag if employees do not understand how or why to use them. Effective implementation often requires training, clear communication about the technology’s purpose, and ongoing support to help users integrate it into their daily workflows.",complete,,,69c17630acada6abeead2da5,69c549399b0a175006bed939,prolific,https://app.prolific.com/submissions/complete?cc=CQ9PVTWX,,Unknown,0,,0,,0,,
2026-03-26,2026-03-26,IP Address,100,1021,True,2026-03-26,6d57c53828621be62bca4815417cd368,anonymous,,"CHRO (e.g., Chief Human Capital Officer (CHCO), Director of Human Resources, Personnel Director)",,I am one of several key decision-makers who collectively decide on technology adoption,"Professional, Scientific, and Technical Services",,100-499,For-Profit,$10M-$49M,<$10M,United States,Local,Minor Barrier,Not a Barrier,Not a Barrier,Moderate Barrier,Not a Barrier,Major Barrier,Significant Barrier,Minor Barrier,Moderate Barrier,Minor Barrier,Significant Barrier,Significant Barrier,Significant Barrier,Significant Barrier,Moderate Barrier,Minor Barrier,Not a Barrier,Minor Barrier,Major Barrier,,,,,,High cost associated with acquiring or implementing new technologies.,Difficulty integrating new technologies with existing legacy systems.,,,,,,,Concerns about data privacy compliance related to new technologies.,,,,,Very High Readiness/Capability,High Readiness/Capability,High Readiness/Capability,High Readiness/Capability,High Readiness/Capability,Very High Readiness/Capability,High Readiness/Capability,High Readiness/Capability,High Readiness/Capability,High Readiness/Capability,Very High Readiness/Capability,High Readiness/Capability,High Readiness/Capability,Very High Readiness/Capability,High Readiness/Capability,High Readiness/Capability,Very High Readiness/Capability,Low Readiness/Capability,Level 3: Defined/Standardized,Level 3: Defined/Standardized,Level 4: Managed/Quantitatively Managed,Level 4: Managed/Quantitatively Managed,Level 4: Managed/Quantitatively Managed,Level 4: Managed/Quantitatively Managed,Level 5: Optimizing/Innovating,Level 4: Managed/Quantitatively Managed,Level 2: Developing/Repeatable,"No, everything was adequately covered. ",complete,,,69c17630acada6abeead2da5,69c54cfacdbca21716e796da,prolific,https://app.prolific.com/submissions/complete?cc=CQ9PVTWX,,Unknown,0,,0,,0,,
2026-03-26,2026-03-26,IP Address,100,2210,True,2026-03-26,3e799d64109c11c217a1fe6d7f8b1904,anonymous,,Other (please specify),analytics director,"I provide significant input and recommendations, but final decisions are made by others",Manufacturing,,10000+,For-Profit,$1B+,$10M-$49M,United States,International,Significant Barrier,Significant Barrier,Minor Barrier,Minor Barrier,Minor Barrier,Moderate Barrier,Moderate Barrier,Minor Barrier,Significant Barrier,Moderate Barrier,Moderate Barrier,Significant Barrier,Moderate Barrier,Significant Barrier,Minor Barrier,Moderate Barrier,Minor Barrier,Minor Barrier,Major Barrier,Resistance to change among employees or middle management.,"Lack of support or clear vision from top leadership (including the board, e.g., governing body, oversight committee).",,,,High cost associated with acquiring or implementing new technologies.,,,,,,,,,,,,,Moderate Readiness/Capability,Moderate Readiness/Capability,Moderate Readiness/Capability,Moderate Readiness/Capability,Low Readiness/Capability,Moderate Readiness/Capability,Moderate Readiness/Capability,Moderate Readiness/Capability,Moderate Readiness/Capability,Moderate Readiness/Capability,High Readiness/Capability,Moderate Readiness/Capability,Moderate Readiness/Capability,Moderate Readiness/Capability,Moderate Readiness/Capability,Moderate Readiness/Capability,Moderate Readiness/Capability,Low Readiness/Capability,Level 3: Defined/Standardized,Level 4: Managed/Quantitatively Managed,Level 3: Defined/Standardized,Level 3: Defined/Standardized,Level 3: Defined/Standardized,Level 3: Defined/Standardized,Level 2: Developing/Repeatable,Level 3: Defined/Standardized,Level 2: Developing/Repeatable,,complete,,,69c17630acada6abeead2da5,69c550844a15e29a31d4dd9f,prolific,https://app.prolific.com/submissions/complete?cc=CQ9PVTWX,,,0,,0,,0.07142857142857142,QID225,
2026-03-26,2026-03-26,IP Address,100,344,True,2026-03-26,da0925be0052161367a3c9bdf9eb15ed,anonymous,,"CHRO (e.g., Chief Human Capital Officer (CHCO), Director of Human Resources, Personnel Director)",,"I provide significant input and recommendations, but final decisions are made by others",Other (please specify),Security,1000-4999,For-Profit,$100M-$499M,<$10M,United States,National,Major Barrier,Moderate Barrier,Minor Barrier,Significant Barrier,Minor Barrier,Moderate Barrier,Moderate Barrier,Minor Barrier,Moderate Barrier,Major Barrier,Significant Barrier,Minor Barrier,Moderate Barrier,Minor Barrier,Major Barrier,Significant Barrier,Significant Barrier,Minor Barrier,Major Barrier,Resistance to change among employees or middle management.,,,,,,,,,Lack of a clear strategy or roadmap for technology adoption.,,,,,Lack of trust in the reliability or performance of new technologies or vendors.,,,,Moderate Readiness/Capability,Low Readiness/Capability,Low Readiness/Capability,High Readiness/Capability,High Readiness/Capability,High Readiness/Capability,Very High Readiness/Capability,Low Readiness/Capability,Moderate Readiness/Capability,Moderate Readiness/Capability,Moderate Readiness/Capability,Moderate Readiness/Capability,Moderate Readiness/Capability,High Readiness/Capability,Moderate Readiness/Capability,Moderate Readiness/Capability,Low Readiness/Capability,Low Readiness/Capability,Level 3: Defined/Standardized,Level 4: Managed/Quantitatively Managed,Level 3: Defined/Standardized,Level 3: Defined/Standardized,Level 4: Managed/Quantitatively Managed,Level 2: Developing/Repeatable,Level 5: Optimizing/Innovating,Level 2: Developing/Repeatable,Level 2: Developing/Repeatable,N/A,complete,,,69c17630acada6abeead2da5,69c55f197071e6fc57b6765d,prolific,https://app.prolific.com/submissions/complete?cc=CQ9PVTWX,,Unknown,0,,0,,0,,
2026-03-26,2026-03-26,IP Address,100,521,True,2026-03-26,aac7d6b4392fbfef86b401b97f273ecc,anonymous,,"CSO (e.g., Director of Strategic Planning, Policy Director, Chief Strategy Officer)",,I am one of several key decision-makers who collectively decide on technology adoption,Manufacturing,,<100,For-Profit,$100M-$499M,$100M-$499M,United States,Regional,Not a Barrier,Not a Barrier,Not a Barrier,Major Barrier,Minor Barrier,Moderate Barrier,Not a Barrier,Minor Barrier,Minor Barrier,,Not a Barrier,Not a Barrier,Significant Barrier,Moderate Barrier,Significant Barrier,Not a Barrier,Not a Barrier,Moderate Barrier,Major Barrier,,,,Insufficient skills or expertise within the workforce to utilize new technologies effectively.,,High cost associated with acquiring or implementing new technologies.,,,,,,,Concerns about cybersecurity risks associated with new technologies.,,,,,,High Readiness/Capability,High Readiness/Capability,Don't Know,Moderate Readiness/Capability,Very High Readiness/Capability,Don't Know,Don't Know,Moderate Readiness/Capability,Low Readiness/Capability,Low Readiness/Capability,Low Readiness/Capability,Very Low Readiness/Capability,Low Readiness/Capability,High Readiness/Capability,Very Low Readiness/Capability,Moderate Readiness/Capability,High Readiness/Capability,Low Readiness/Capability,Level 4: Managed/Quantitatively Managed,Level 5: Optimizing/Innovating,Level 4: Managed/Quantitatively Managed,Level 1: Initial/Ad Hoc,Level 3: Defined/Standardized,Level 5: Optimizing/Innovating,Level 2: Developing/Repeatable,Level 4: Managed/Quantitatively Managed,Level 2: Developing/Repeatable,"The biggest challenge, as I have reported, is finding the correct vendors/products to support inititives, but also, and maybe even greater, finding the right people to take these initiatives to the next level.  ",complete,,,69c17630acada6abeead2da5,69c560287c6abf323a0eb401,prolific,https://app.prolific.com/submissions/complete?cc=CQ9PVTWX,,Unknown,0,,0,,0,,
2026-03-26,2026-03-26,IP Address,100,454,True,2026-03-26,b305c5dc32cb3e62cc2e52aeac448cc8,anonymous,,"CSO (e.g., Director of Strategic Planning, Policy Director, Chief Strategy Officer)",,I am one of several key decision-makers who collectively decide on technology adoption,Management of Companies and Enterprises,,5000-9999,For-Profit,$500M-$999M,$50M-$99M,International,International,Significant Barrier,Not a Barrier,Minor Barrier,Moderate Barrier,Moderate Barrier,Minor Barrier,Not a Barrier,Not a Barrier,Minor Barrier,Minor Barrier,Minor Barrier,Minor Barrier,Moderate Barrier,Minor Barrier,Minor Barrier,Minor Barrier,Minor Barrier,Minor Barrier,Major Barrier,Resistance to change among employees or middle management.,,,,,,,,,,,,Concerns about cybersecurity risks associated with new technologies.,,,,,Difficulty finding reliable technology vendors or partners.,High Readiness/Capability,Very High Readiness/Capability,Very High Readiness/Capability,Moderate Readiness/Capability,Moderate Readiness/Capability,High Readiness/Capability,Moderate Readiness/Capability,High Readiness/Capability,High Readiness/Capability,High Readiness/Capability,High Readiness/Capability,High Readiness/Capability,High Readiness/Capability,High Readiness/Capability,Very High Readiness/Capability,High Readiness/Capability,High Readiness/Capability,Low Readiness/Capability,Level 4: Managed/Quantitatively Managed,Level 4: Managed/Quantitatively Managed,Level 4: Managed/Quantitatively Managed,Level 4: Managed/Quantitatively Managed,Level 4: Managed/Quantitatively Managed,Level 5: Optimizing/Innovating,Level 4: Managed/Quantitatively Managed,Level 5: Optimizing/Innovating,Level 3: Defined/Standardized,N/A,complete,,,69c17630acada6abeead2da5,69c56d41439b4a45cfc2fd12,prolific,https://app.prolific.com/submissions/complete?cc=CQ9PVTWX,,Unknown,0,,0,,0,,
2026-03-26,2026-03-26,IP Address,100,629,True,2026-03-26,db3aa1bee830688ca466f7d481e5d1cf,anonymous,,"CEO (e.g., Agency Director, Secretary, Administrator, City/County Manager)",,I am the primary decision-maker for technology adoption in my area of responsibility,Non-Profit Organization (Non-Governmental),,<100,Non-Profit,<$10M,<$10M,United States,Regional,Moderate Barrier,Moderate Barrier,Not a Barrier,Not a Barrier,Minor Barrier,Major Barrier,Moderate Barrier,Not a Barrier,Not a Barrier,Minor Barrier,Minor Barrier,Minor Barrier,Minor Barrier,Significant Barrier,Not a Barrier,Moderate Barrier,Not a Barrier,Moderate Barrier,Major Barrier,,,,,,High cost associated with acquiring or implementing new technologies.,,,,,,,,,,Uncertainty or complexity related to regulatory requirements.,,Difficulty finding reliable technology vendors or partners.,Very High Readiness/Capability,Moderate Readiness/Capability,Very High Readiness/Capability,Moderate Readiness/Capability,High Readiness/Capability,Very Low Readiness/Capability,Moderate Readiness/Capability,Moderate Readiness/Capability,High Readiness/Capability,Moderate Readiness/Capability,Very High Readiness/Capability,Low Readiness/Capability,High Readiness/Capability,Very High Readiness/Capability,Moderate Readiness/Capability,High Readiness/Capability,Very Low Readiness/Capability,Low Readiness/Capability,Level 2: Developing/Repeatable,Level 2: Developing/Repeatable,Level 4: Managed/Quantitatively Managed,Level 2: Developing/Repeatable,Level 2: Developing/Repeatable,Level 3: Defined/Standardized,Level 4: Managed/Quantitatively Managed,Level 3: Defined/Standardized,Level 2: Developing/Repeatable,,complete,,,69c17630acada6abeead2da5,69c57315c0bb9e6dacbcb777,prolific,https://app.prolific.com/submissions/complete?cc=CQ9PVTWX,,,0,,0,,0.07142857142857142,QID225,
2026-03-26,2026-03-26,IP Address,100,439,True,2026-03-26,72d032bfa56a461a1ddbab4faea050c4,anonymous,,"CEO (e.g., Agency Director, Secretary, Administrator, City/County Manager)",,I am the primary decision-maker for technology adoption in my area of responsibility,Wholesale Trade,,<100,For-Profit,<$10M,<$10M,United States,Local,Minor Barrier,Minor Barrier,Minor Barrier,Minor Barrier,Minor Barrier,Significant Barrier,Minor Barrier,Minor Barrier,Minor Barrier,Moderate Barrier,Minor Barrier,Minor Barrier,Moderate Barrier,Moderate Barrier,Minor Barrier,Moderate Barrier,Minor Barrier,Minor Barrier,Minor Barrier,,,,,,High cost associated with acquiring or implementing new technologies.,Difficulty integrating new technologies with existing legacy systems.,,,,,,,,,,,Difficulty finding reliable technology vendors or partners.,Moderate Readiness/Capability,Low Readiness/Capability,Moderate Readiness/Capability,Low Readiness/Capability,Low Readiness/Capability,Low Readiness/Capability,Low Readiness/Capability,Low Readiness/Capability,Low Readiness/Capability,Moderate Readiness/Capability,Low Readiness/Capability,Low Readiness/Capability,Low Readiness/Capability,Low Readiness/Capability,Low Readiness/Capability,Low Readiness/Capability,Moderate Readiness/Capability,Low Readiness/Capability,Level 2: Developing/Repeatable,Level 1: Initial/Ad Hoc,Level 2: Developing/Repeatable,Level 2: Developing/Repeatable,Don't Know,Level 2: Developing/Repeatable,Level 2: Developing/Repeatable,Level 2: Developing/Repeatable,Level 2: Developing/Repeatable,No,complete,,,69c17630acada6abeead2da5,69c580ebfd32d5f3964bf9c3,prolific,https://app.prolific.com/submissions/complete?cc=CQ9PVTWX,,Unknown,0,,0,,0,,
2026-03-26,2026-03-26,IP Address,100,5220,True,2026-03-26,b17105b031d3cd9bedd14d544f9579d7,anonymous,,"CEO (e.g., Agency Director, Secretary, Administrator, City/County Manager)",,I am the primary decision-maker for technology adoption in my area of responsibility,Finance and Insurance,,5000-9999,For-Profit,$1B+,$1B+,United States,International,Significant Barrier,Major Barrier,Moderate Barrier,Significant Barrier,Not a Barrier,Significant Barrier,Moderate Barrier,Minor Barrier,Minor Barrier,Minor Barrier,Minor Barrier,Significant Barrier,Moderate Barrier,Major Barrier,Significant Barrier,Not a Barrier,Significant Barrier,Significant Barrier,Major Barrier,,,Organizational culture that discourages risk-taking or experimentation with new technologies.,,,,,,,,,,,,Lack of trust in the reliability or performance of new technologies or vendors.,,,Difficulty finding reliable technology vendors or partners.,Very High Readiness/Capability,Very High Readiness/Capability,Low Readiness/Capability,Don't Know,High Readiness/Capability,Very High Readiness/Capability,High Readiness/Capability,Very High Readiness/Capability,Low Readiness/Capability,Very High Readiness/Capability,Very High Readiness/Capability,Moderate Readiness/Capability,Very High Readiness/Capability,High Readiness/Capability,Very High Readiness/Capability,Moderate Readiness/Capability,Low Readiness/Capability,Low Readiness/Capability,Level 5: Optimizing/Innovating,Level 2: Developing/Repeatable,Level 5: Optimizing/Innovating,Level 5: Optimizing/Innovating,Level 1: Initial/Ad Hoc,Level 5: Optimizing/Innovating,Level 2: Developing/Repeatable,Level 3: Defined/Standardized,Level 2: Developing/Repeatable,"Many surveys overlook deeper organizational realities that strongly affect technology adoption, such as change fatigue from too many simultaneous initiatives, unclear role-specific use cases, and misalignment between incentives and desired behaviors. Factors like data quality and governance, integration challenges with legacy systems, and the presence of informal influencers can also quietly hinder success. Additionally, true readiness depends on continuous feedback loops, meaningful skill development (not just one-time training), and a culture that supports experimentation without fear. Without accounting for these human, cultural, and operational dimensions, assessments of adoption maturity often appear stronger than they actually are.",complete,,,69c17630acada6abeead2da5,69c57fe84d9ab95680297d70,prolific,https://app.prolific.com/submissions/complete?cc=CQ9PVTWX,,Unknown,0,,0,,0,,
2026-03-26,2026-03-26,IP Address,100,4986,True,2026-03-26,0d7cc308b4e035af1e8c729d159b5ded,anonymous,,"CEO (e.g., Agency Director, Secretary, Administrator, City/County Manager)",,I am the primary decision-maker for technology adoption in my area of responsibility,Retail Trade,,<100,For-Profit,<$10M,<$10M,United States,National,Not a Barrier,Not a Barrier,Not a Barrier,Not a Barrier,Not a Barrier,Significant Barrier,Moderate Barrier,Moderate Barrier,Not a Barrier,Not a Barrier,Not a Barrier,Moderate Barrier,Major Barrier,Minor Barrier,Not a Barrier,Not a Barrier,Moderate Barrier,Minor Barrier,Not a Barrier,,,,,,,,"Inadequate IT infrastructure (e.g., network, storage, computing power) to support new technologies.",,,,,Concerns about cybersecurity risks associated with new technologies.,Concerns about data privacy compliance related to new technologies.,,,,,Very High Readiness/Capability,High Readiness/Capability,Very High Readiness/Capability,Very High Readiness/Capability,Very High Readiness/Capability,High Readiness/Capability,Very High Readiness/Capability,High Readiness/Capability,Moderate Readiness/Capability,Low Readiness/Capability,High Readiness/Capability,Low Readiness/Capability,High Readiness/Capability,Very Low Readiness/Capability,Moderate Readiness/Capability,Moderate Readiness/Capability,Very Low Readiness/Capability,Low Readiness/Capability,Level 1: Initial/Ad Hoc,Level 1: Initial/Ad Hoc,Level 2: Developing/Repeatable,Level 3: Defined/Standardized,Level 3: Defined/Standardized,Level 4: Managed/Quantitatively Managed,Level 2: Developing/Repeatable,Level 5: Optimizing/Innovating,Level 2: Developing/Repeatable,Could have been it could have been more specific in regards to the dependents were lack there are more maturity level in order to use these technologies in a systematic way as far as AI is concerned. Not much on a eye unless it was subsumed into the other questions it would have been helpful to hear some of those concerns because they are major concerns because I AI seems to be going leaps and downs if not just leaves and not even coming down in the amount of capability that it has now. Coupled with that whatever department is charge of that will pretty much steer the entire company,complete,,,69c17630acada6abeead2da5,69c59c850fdc7db809ced097,prolific,https://app.prolific.com/submissions/complete?cc=CQ9PVTWX,,Unknown,0,,0,,0,,
2026-03-27,2026-03-27,IP Address,100,747,True,2026-03-27,d5e249caecbc7d0a109b5ad8205b8c30,anonymous,,"CSO (e.g., Director of Strategic Planning, Policy Director, Chief Strategy Officer)",,"I provide significant input and recommendations, but final decisions are made by others",Other (please specify),Commercial Real Estate,<100,For-Profit,$10M-$49M,<$10M,United States,Regional,Major Barrier,Significant Barrier,Significant Barrier,Moderate Barrier,Moderate Barrier,Moderate Barrier,Significant Barrier,Moderate Barrier,Significant Barrier,Moderate Barrier,Moderate Barrier,Significant Barrier,Not a Barrier,Not a Barrier,Significant Barrier,Not a Barrier,Major Barrier,Minor Barrier,Moderate Barrier,Resistance to change among employees or middle management.,,,,,,Difficulty integrating new technologies with existing legacy systems.,,,,,New technologies disrupting existing workflows or processes significantly.,,,,,,,Moderate Readiness/Capability,Moderate Readiness/Capability,Low Readiness/Capability,Very Low Readiness/Capability,Very Low Readiness/Capability,Moderate Readiness/Capability,Very Low Readiness/Capability,Low Readiness/Capability,Low Readiness/Capability,Very Low Readiness/Capability,High Readiness/Capability,Moderate Readiness/Capability,Moderate Readiness/Capability,Moderate Readiness/Capability,Low Readiness/Capability,Very Low Readiness/Capability,High Readiness/Capability,Very Low Readiness/Capability,Level 3: Defined/Standardized,Level 1: Initial/Ad Hoc,Level 3: Defined/Standardized,Level 3: Defined/Standardized,Level 3: Defined/Standardized,Level 4: Managed/Quantitatively Managed,Level 2: Developing/Repeatable,Level 1: Initial/Ad Hoc,Level 2: Developing/Repeatable,"Our business is stuck on using PCs because the IT department is comfortable with how it integrates, regardless of if employees, including marketing, are more familiar with other OS's",complete,,,69c17630acada6abeead2da5,69c5fdf6ff47ba8a40beaeed,prolific,https://app.prolific.com/submissions/complete?cc=CQ9PVTWX,,Unknown,0,,0,,0,,
2026-03-27,2026-03-27,IP Address,100,652,True,2026-03-27,e391fad9d494007fec7e5a7d309b2838,anonymous,,"CIO (e.g., Director of IT)",,I am one of several key decision-makers who collectively decide on technology adoption,Non-Profit Organization (Non-Governmental),,<100,Non-Profit,$10M-$49M,<$10M,United States,International,Significant Barrier,Major Barrier,Major Barrier,Major Barrier,Major Barrier,Major Barrier,Major Barrier,Moderate Barrier,Significant Barrier,Significant Barrier,Significant Barrier,Significant Barrier,Minor Barrier,Minor Barrier,Significant Barrier,Moderate Barrier,Major Barrier,Significant Barrier,Moderate Barrier,,,Organizational culture that discourages risk-taking or experimentation with new technologies.,,,High cost associated with acquiring or implementing new technologies.,,,,,,,,,,,"Pressure to adopt technology due to external factors (e.g., mandates, public expectations, peer agency actions), without adequate internal readiness.",,Moderate Readiness/Capability,Low Readiness/Capability,Low Readiness/Capability,Moderate Readiness/Capability,Moderate Readiness/Capability,Low Readiness/Capability,Moderate Readiness/Capability,High Readiness/Capability,Moderate Readiness/Capability,Low Readiness/Capability,High Readiness/Capability,Low Readiness/Capability,Low Readiness/Capability,Moderate Readiness/Capability,Moderate Readiness/Capability,Low Readiness/Capability,Low Readiness/Capability,Low Readiness/Capability,Level 2: Developing/Repeatable,Level 2: Developing/Repeatable,Level 2: Developing/Repeatable,Level 3: Defined/Standardized,Level 1: Initial/Ad Hoc,Level 2: Developing/Repeatable,Level 1: Initial/Ad Hoc,Level 2: Developing/Repeatable,Level 2: Developing/Repeatable,,complete,,,69c17630acada6abeead2da5,69c607df7c686e300bb90a2a,prolific,https://app.prolific.com/submissions/complete?cc=CQ9PVTWX,,,0,,0,,0.07142857142857142,QID225,
2026-03-27,2026-03-27,IP Address,100,1242,True,2026-03-27,0448a03a712a294add67c4115e076f51,anonymous,,"CIO (e.g., Director of IT)",,I am the primary decision-maker for technology adoption in my area of responsibility,Manufacturing,,1000-4999,For-Profit,$1B+,$100M-$499M,United States,National,Not a Barrier,Not a Barrier,Not a Barrier,Not a Barrier,Not a Barrier,Not a Barrier,Not a Barrier,Not a Barrier,Not a Barrier,Not a Barrier,Minor Barrier,Not a Barrier,Moderate Barrier,Minor Barrier,Minor Barrier,Not a Barrier,Minor Barrier,Minor Barrier,Major Barrier,,,,,,,,,"Difficulty demonstrating clear value (e.g., mission impact, public value, cost-effectiveness) for new technology investments.",,,,,,,Uncertainty or complexity related to regulatory requirements.,"Pressure to adopt technology due to external factors (e.g., mandates, public expectations, peer agency actions), without adequate internal readiness.",,Very High Readiness/Capability,High Readiness/Capability,Very High Readiness/Capability,High Readiness/Capability,Very High Readiness/Capability,High Readiness/Capability,Very High Readiness/Capability,Moderate Readiness/Capability,Very High Readiness/Capability,High Readiness/Capability,Very High Readiness/Capability,Very High Readiness/Capability,High Readiness/Capability,Very High Readiness/Capability,Very High Readiness/Capability,High Readiness/Capability,High Readiness/Capability,Low Readiness/Capability,Level 5: Optimizing/Innovating,Level 5: Optimizing/Innovating,Level 4: Managed/Quantitatively Managed,Level 5: Optimizing/Innovating,Level 4: Managed/Quantitatively Managed,Level 5: Optimizing/Innovating,Level 4: Managed/Quantitatively Managed,Level 5: Optimizing/Innovating,Level 2: Developing/Repeatable,None,complete,,,69c17630acada6abeead2da5,69c66a7be8b3d725efc21715,prolific,https://app.prolific.com/submissions/complete?cc=CQ9PVTWX,,Unknown,0,,0,,0,,
2026-03-27,2026-03-27,IP Address,100,405,True,2026-03-27,c27a1a40dd019a0805be5cb79420f99e,anonymous,,"CSO (e.g., Director of Strategic Planning, Policy Director, Chief Strategy Officer)",,"I provide significant input and recommendations, but final decisions are made by others",Non-Profit Organization (Non-Governmental),,5000-9999,Non-Profit,$10M-$49M,<$10M,United States,Local,Significant Barrier,Minor Barrier,Minor Barrier,Not a Barrier,Moderate Barrier,Minor Barrier,Not a Barrier,Minor Barrier,Minor Barrier,Not a Barrier,Minor Barrier,Moderate Barrier,Not a Barrier,Major Barrier,Not a Barrier,Significant Barrier,Not a Barrier,Not a Barrier,Major Barrier,Resistance to change among employees or middle management.,,,Insufficient skills or expertise within the workforce to utilize new technologies effectively.,,,Difficulty integrating new technologies with existing legacy systems.,,,,,,,,,,,,High Readiness/Capability,Very High Readiness/Capability,High Readiness/Capability,Low Readiness/Capability,High Readiness/Capability,High Readiness/Capability,Low Readiness/Capability,High Readiness/Capability,High Readiness/Capability,Moderate Readiness/Capability,Very High Readiness/Capability,High Readiness/Capability,High Readiness/Capability,High Readiness/Capability,High Readiness/Capability,Very High Readiness/Capability,High Readiness/Capability,Low Readiness/Capability,Level 3: Defined/Standardized,Level 4: Managed/Quantitatively Managed,Level 3: Defined/Standardized,Level 4: Managed/Quantitatively Managed,Level 5: Optimizing/Innovating,Level 3: Defined/Standardized,Level 4: Managed/Quantitatively Managed,Level 3: Defined/Standardized,Level 2: Developing/Repeatable,Age and willingness to adopt to new technology.,complete,,,69c17630acada6abeead2da5,69c67a59e4d0a920775307b3,prolific,https://app.prolific.com/submissions/complete?cc=CQ9PVTWX,,Unknown,0,,0,,0,,
2026-03-27,2026-03-27,IP Address,100,473,True,2026-03-27,2cfbba160e565db368ca9deb9e94c0f9,anonymous,,"CEO (e.g., Agency Director, Secretary, Administrator, City/County Manager)",,I am the primary decision-maker for technology adoption in my area of responsibility,"Professional, Scientific, and Technical Services",,<100,For-Profit,<$10M,<$10M,United States,Regional,Not a Barrier,Not a Barrier,Minor Barrier,Minor Barrier,Not a Barrier,Moderate Barrier,Moderate Barrier,Not a Barrier,Significant Barrier,Minor Barrier,Not a Barrier,Minor Barrier,Major Barrier,Major Barrier,Major Barrier,Moderate Barrier,Not a Barrier,Not a Barrier,Not a Barrier,,,,,,,,,"Difficulty demonstrating clear value (e.g., mission impact, public value, cost-effectiveness) for new technology investments.",,,,,Concerns about data privacy compliance related to new technologies.,Lack of trust in the reliability or performance of new technologies or vendors.,,,,Very High Readiness/Capability,Moderate Readiness/Capability,Moderate Readiness/Capability,Moderate Readiness/Capability,High Readiness/Capability,High Readiness/Capability,Moderate Readiness/Capability,Moderate Readiness/Capability,Low Readiness/Capability,Moderate Readiness/Capability,Moderate Readiness/Capability,Moderate Readiness/Capability,Moderate Readiness/Capability,Very High Readiness/Capability,Moderate Readiness/Capability,High Readiness/Capability,Low Readiness/Capability,Low Readiness/Capability,Level 3: Defined/Standardized,Level 3: Defined/Standardized,Level 3: Defined/Standardized,Level 3: Defined/Standardized,Level 2: Developing/Repeatable,Level 4: Managed/Quantitatively Managed,Level 3: Defined/Standardized,Level 4: Managed/Quantitatively Managed,Level 2: Developing/Repeatable,"I believe that I am the true barrier in the organization. Our team members have made suggestions about enhancing our technology, and I am adamant that everything is fine where it is. So far I haven't seen any losses with our competitors based on technology, so I am still holding still because I do not trust technology.",complete,,,69c17630acada6abeead2da5,69c6802434aff30db04b5293,prolific,https://app.prolific.com/submissions/complete?cc=CQ9PVTWX,,Unknown,0,,0,,0,,
2026-03-27,2026-03-27,IP Address,100,346,True,2026-03-27,3a6d2ed242b10141d50a2fa16cf70cb3,anonymous,,Other (please specify),Director of Facilities Operations,I am one of several key decision-makers who collectively decide on technology adoption,"Arts, Entertainment, and Recreation",,<100,For-Profit,<$10M,<$10M,United States,Local,Major Barrier,Major Barrier,Major Barrier,Minor Barrier,Not a Barrier,Minor Barrier,Moderate Barrier,Minor Barrier,Not a Barrier,Major Barrier,Not a Barrier,Major Barrier,Minor Barrier,Not a Barrier,Not a Barrier,,Not a Barrier,Not a Barrier,Major Barrier,Resistance to change among employees or middle management.,"Lack of support or clear vision from top leadership (including the board, e.g., governing body, oversight committee).",Organizational culture that discourages risk-taking or experimentation with new technologies.,,,,,,,,,,,,,,,,Very Low Readiness/Capability,Very Low Readiness/Capability,Moderate Readiness/Capability,Very Low Readiness/Capability,Low Readiness/Capability,High Readiness/Capability,Low Readiness/Capability,Low Readiness/Capability,Moderate Readiness/Capability,High Readiness/Capability,Moderate Readiness/Capability,Very Low Readiness/Capability,Don't Know,Very Low Readiness/Capability,Very Low Readiness/Capability,High Readiness/Capability,Very High Readiness/Capability,Low Readiness/Capability,Level 4: Managed/Quantitatively Managed,Level 4: Managed/Quantitatively Managed,Level 3: Defined/Standardized,Level 3: Defined/Standardized,Level 1: Initial/Ad Hoc,Level 2: Developing/Repeatable,Level 4: Managed/Quantitatively Managed,Level 2: Developing/Repeatable,Level 2: Developing/Repeatable,"Ownership group incredibly disconnected from day to day operations, stuck in 1974",complete,,,69c17630acada6abeead2da5,69c69f6b9d9e869f21c8354c,prolific,https://app.prolific.com/submissions/complete?cc=CQ9PVTWX,,Unknown,0,,0,,0,,
2026-03-27,2026-03-27,IP Address,100,544,True,2026-03-27,3e0f35d41d226ed44d1f349617e76e6d,anonymous,,"CIO (e.g., Director of IT)",,I am the primary decision-maker for technology adoption in my area of responsibility,Information,,500-999,For-Profit,$50M-$99M,$50M-$99M,United States,National,Minor Barrier,Not a Barrier,Not a Barrier,Minor Barrier,Not a Barrier,Not a Barrier,Minor Barrier,Minor Barrier,Not a Barrier,Not a Barrier,Minor Barrier,Moderate Barrier,Minor Barrier,Not a Barrier,Minor Barrier,Moderate Barrier,Minor Barrier,Not a Barrier,Major Barrier,Resistance to change among employees or middle management.,,,,,,,,,,Insufficient governance processes for selecting and managing new technologies.,New technologies disrupting existing workflows or processes significantly.,,,,,,,Very High Readiness/Capability,Very High Readiness/Capability,Moderate Readiness/Capability,Very High Readiness/Capability,High Readiness/Capability,High Readiness/Capability,Very High Readiness/Capability,Moderate Readiness/Capability,Very High Readiness/Capability,High Readiness/Capability,High Readiness/Capability,Moderate Readiness/Capability,High Readiness/Capability,High Readiness/Capability,High Readiness/Capability,High Readiness/Capability,Very High Readiness/Capability,Low Readiness/Capability,Level 5: Optimizing/Innovating,Level 4: Managed/Quantitatively Managed,Level 3: Defined/Standardized,Level 4: Managed/Quantitatively Managed,Level 4: Managed/Quantitatively Managed,Level 5: Optimizing/Innovating,Level 3: Defined/Standardized,Level 3: Defined/Standardized,Level 2: Developing/Repeatable,No,complete,,,69c17630acada6abeead2da5,69c6a242a160299c6ce96ae7,prolific,https://app.prolific.com/submissions/complete?cc=CQ9PVTWX,,Unknown,0,,0,,0,,
2026-03-27,2026-03-27,IP Address,100,658,True,2026-03-27,980492dcf5c88db4d59ccc7deb82dba0,anonymous,,"CMO (e.g., Director of Communications, Public Affairs Officer, Chief Marketing & Communications Officer)",,I am one of several key decision-makers who collectively decide on technology adoption,Public Education (K-12/Higher Ed),,1000-4999,For-Profit,<$10M,<$10M,United States,National,Major Barrier,Moderate Barrier,Not a Barrier,Moderate Barrier,Moderate Barrier,Significant Barrier,Significant Barrier,Major Barrier,Minor Barrier,Moderate Barrier,Moderate Barrier,Major Barrier,Major Barrier,Major Barrier,Significant Barrier,Moderate Barrier,Moderate Barrier,Significant Barrier,Major Barrier,Resistance to change among employees or middle management.,,,,,,,,,,,New technologies disrupting existing workflows or processes significantly.,Concerns about cybersecurity risks associated with new technologies.,,,,,,High Readiness/Capability,High Readiness/Capability,Moderate Readiness/Capability,Low Readiness/Capability,Moderate Readiness/Capability,Moderate Readiness/Capability,Moderate Readiness/Capability,Moderate Readiness/Capability,Low Readiness/Capability,Low Readiness/Capability,Moderate Readiness/Capability,Moderate Readiness/Capability,High Readiness/Capability,Moderate Readiness/Capability,High Readiness/Capability,Low Readiness/Capability,Low Readiness/Capability,Low Readiness/Capability,Level 3: Defined/Standardized,Level 3: Defined/Standardized,Level 2: Developing/Repeatable,Level 4: Managed/Quantitatively Managed,Level 4: Managed/Quantitatively Managed,Level 3: Defined/Standardized,Level 5: Optimizing/Innovating,Level 3: Defined/Standardized,Level 2: Developing/Repeatable,N/A,complete,,,69c17630acada6abeead2da5,69c6a95f149d7ce01e06bf53,prolific,https://app.prolific.com/submissions/complete?cc=CQ9PVTWX,,Unknown,0,,0,,0,,
2026-03-27,2026-03-27,IP Address,100,876,True,2026-03-27,fb46573af097ead0ecf601a05bf304d9,anonymous,,"CIO (e.g., Director of IT)",,I am one of several key decision-makers who collectively decide on technology adoption,Information,,1000-4999,For-Profit,$50M-$99M,$50M-$99M,United States,National,Minor Barrier,Not a Barrier,Minor Barrier,Not a Barrier,Moderate Barrier,Moderate Barrier,Not a Barrier,Moderate Barrier,Moderate Barrier,Moderate Barrier,Not a Barrier,Moderate Barrier,Moderate Barrier,Minor Barrier,Moderate Barrier,Not a Barrier,Minor Barrier,Significant Barrier,Significant Barrier,,,,,,High cost associated with acquiring or implementing new technologies.,,,,,,,Concerns about cybersecurity risks associated with new technologies.,,,,"Pressure to adopt technology due to external factors (e.g., mandates, public expectations, peer agency actions), without adequate internal readiness.",,Very High Readiness/Capability,Moderate Readiness/Capability,Moderate Readiness/Capability,High Readiness/Capability,High Readiness/Capability,High Readiness/Capability,Moderate Readiness/Capability,Very High Readiness/Capability,High Readiness/Capability,Very High Readiness/Capability,Low Readiness/Capability,Moderate Readiness/Capability,Moderate Readiness/Capability,Moderate Readiness/Capability,High Readiness/Capability,High Readiness/Capability,High Readiness/Capability,Low Readiness/Capability,Level 4: Managed/Quantitatively Managed,Level 3: Defined/Standardized,Level 3: Defined/Standardized,Level 3: Defined/Standardized,Level 5: Optimizing/Innovating,Level 2: Developing/Repeatable,Level 5: Optimizing/Innovating,Level 4: Managed/Quantitatively Managed,Level 2: Developing/Repeatable,,complete,,,69c17630acada6abeead2da5,69c6b62852286c5ade5ef753,prolific,https://app.prolific.com/submissions/complete?cc=CQ9PVTWX,,,0,,0,,0.07142857142857142,QID225,
2026-03-27,2026-03-27,IP Address,100,440,True,2026-03-27,e275b4fdc2b26fed5cccba256693702b,anonymous,,"CSO (e.g., Director of Strategic Planning, Policy Director, Chief Strategy Officer)",,I am one of several key decision-makers who collectively decide on technology adoption,Transportation and Warehousing,,<100,For-Profit,<$10M,<$10M,United States,National,Significant Barrier,Not a Barrier,Not a Barrier,Moderate Barrier,Not a Barrier,Significant Barrier,Moderate Barrier,Minor Barrier,Major Barrier,Minor Barrier,Not a Barrier,Minor Barrier,Minor Barrier,Minor Barrier,Significant Barrier,Not a Barrier,Not a Barrier,Moderate Barrier,Major Barrier,Resistance to change among employees or middle management.,,,,,High cost associated with acquiring or implementing new technologies.,,,"Difficulty demonstrating clear value (e.g., mission impact, public value, cost-effectiveness) for new technology investments.",,,,,,,,,,Low Readiness/Capability,Moderate Readiness/Capability,Low Readiness/Capability,High Readiness/Capability,Moderate Readiness/Capability,Moderate Readiness/Capability,Moderate Readiness/Capability,Low Readiness/Capability,Low Readiness/Capability,Moderate Readiness/Capability,Moderate Readiness/Capability,Low Readiness/Capability,Low Readiness/Capability,High Readiness/Capability,Moderate Readiness/Capability,High Readiness/Capability,Very Low Readiness/Capability,Low Readiness/Capability,Level 2: Developing/Repeatable,Level 1: Initial/Ad Hoc,Level 2: Developing/Repeatable,Level 4: Managed/Quantitatively Managed,Level 1: Initial/Ad Hoc,Level 2: Developing/Repeatable,Level 3: Defined/Standardized,Level 3: Defined/Standardized,Level 2: Developing/Repeatable,N/A,complete,,,69c17630acada6abeead2da5,69c6cfd43e639b511c0b4b57,prolific,https://app.prolific.com/submissions/complete?cc=CQ9PVTWX,,Unknown,0,,0,,0,,
2026-03-27,2026-03-27,IP Address,100,359,True,2026-03-27,5bf82eeb7a57b00296a868d6fdf6ac97,anonymous,,"CTO (e.g., Director of Technology/Innovation, Chief Scientist)",,I am one of several key decision-makers who collectively decide on technology adoption,Manufacturing,,500-999,For-Profit,$50M-$99M,<$10M,United States,International,Significant Barrier,Not a Barrier,Not a Barrier,Minor Barrier,Minor Barrier,Major Barrier,Minor Barrier,Significant Barrier,Moderate Barrier,Minor Barrier,Moderate Barrier,Minor Barrier,Minor Barrier,Moderate Barrier,Not a Barrier,Moderate Barrier,Minor Barrier,Minor Barrier,Minor Barrier,Resistance to change among employees or middle management.,,,,,High cost associated with acquiring or implementing new technologies.,,"Inadequate IT infrastructure (e.g., network, storage, computing power) to support new technologies.",,,,,,,,,,,High Readiness/Capability,Moderate Readiness/Capability,Moderate Readiness/Capability,Moderate Readiness/Capability,High Readiness/Capability,Moderate Readiness/Capability,Low Readiness/Capability,Low Readiness/Capability,Moderate Readiness/Capability,Moderate Readiness/Capability,Moderate Readiness/Capability,High Readiness/Capability,Don't Know,Very Low Readiness/Capability,Moderate Readiness/Capability,High Readiness/Capability,Low Readiness/Capability,Low Readiness/Capability,Level 3: Defined/Standardized,Level 2: Developing/Repeatable,Level 4: Managed/Quantitatively Managed,Level 2: Developing/Repeatable,Level 4: Managed/Quantitatively Managed,Level 3: Defined/Standardized,Level 4: Managed/Quantitatively Managed,Level 3: Defined/Standardized,Level 2: Developing/Repeatable,no,complete,,,69c17630acada6abeead2da5,69c6d45ae93cc1fdf202c8b1,prolific,https://app.prolific.com/submissions/complete?cc=CQ9PVTWX,,Unknown,0,,0,,0,,
2026-03-27,2026-03-27,IP Address,100,397,True,2026-03-27,97579cdceac6e7a7af04488843a0681d,anonymous,,"CFO (e.g., Director of Finance, Budget Director, Comptroller)",,"I provide significant input and recommendations, but final decisions are made by others",Retail Trade,,100-499,For-Profit,$10M-$49M,<$10M,United States,National,Moderate Barrier,Moderate Barrier,Minor Barrier,Significant Barrier,Significant Barrier,Moderate Barrier,Significant Barrier,Major Barrier,Significant Barrier,Significant Barrier,Significant Barrier,Significant Barrier,Moderate Barrier,Significant Barrier,Moderate Barrier,Minor Barrier,Minor Barrier,Significant Barrier,Moderate Barrier,,"Lack of support or clear vision from top leadership (including the board, e.g., governing body, oversight committee).",,,,,,,"Difficulty demonstrating clear value (e.g., mission impact, public value, cost-effectiveness) for new technology investments.",,,New technologies disrupting existing workflows or processes significantly.,,,,,,,Low Readiness/Capability,Moderate Readiness/Capability,Moderate Readiness/Capability,Low Readiness/Capability,Moderate Readiness/Capability,Moderate Readiness/Capability,Moderate Readiness/Capability,Low Readiness/Capability,Moderate Readiness/Capability,Moderate Readiness/Capability,Moderate Readiness/Capability,Low Readiness/Capability,Moderate Readiness/Capability,Moderate Readiness/Capability,Moderate Readiness/Capability,Low Readiness/Capability,Moderate Readiness/Capability,Low Readiness/Capability,Level 2: Developing/Repeatable,Level 2: Developing/Repeatable,Level 4: Managed/Quantitatively Managed,Level 3: Defined/Standardized,Level 3: Defined/Standardized,Level 2: Developing/Repeatable,Level 3: Defined/Standardized,Level 3: Defined/Standardized,Level 2: Developing/Repeatable,,complete,,,69c17630acada6abeead2da5,69c6f5faef1ba13ffaa837ed,prolific,https://app.prolific.com/submissions/complete?cc=CQ9PVTWX,,,0,,0,,0.07142857142857142,QID225,
2026-03-28,2026-03-28,IP Address,100,857,True,2026-03-28,770decce2536fba588b95466f388c065,anonymous,,"CTO (e.g., Director of Technology/Innovation, Chief Scientist)",,I am the primary decision-maker for technology adoption in my area of responsibility,Transportation and Warehousing,,100-499,For-Profit,$500M-$999M,$100M-$499M,United States,National,Major Barrier,Minor Barrier,Minor Barrier,Moderate Barrier,Moderate Barrier,Significant Barrier,Significant Barrier,Minor Barrier,Moderate Barrier,Minor Barrier,Minor Barrier,Moderate Barrier,Minor Barrier,Minor Barrier,Moderate Barrier,Minor Barrier,Minor Barrier,Minor Barrier,Major Barrier,Resistance to change among employees or middle management.,,,,,,Difficulty integrating new technologies with existing legacy systems.,,"Difficulty demonstrating clear value (e.g., mission impact, public value, cost-effectiveness) for new technology investments.",,,,,,,,,,Moderate Readiness/Capability,Moderate Readiness/Capability,Moderate Readiness/Capability,Low Readiness/Capability,Moderate Readiness/Capability,Low Readiness/Capability,Low Readiness/Capability,Moderate Readiness/Capability,Moderate Readiness/Capability,Moderate Readiness/Capability,Moderate Readiness/Capability,Moderate Readiness/Capability,Low Readiness/Capability,Moderate Readiness/Capability,Moderate Readiness/Capability,Low Readiness/Capability,Moderate Readiness/Capability,Low Readiness/Capability,Level 2: Developing/Repeatable,Level 3: Defined/Standardized,Level 2: Developing/Repeatable,Level 2: Developing/Repeatable,Level 3: Defined/Standardized,Level 3: Defined/Standardized,Level 1: Initial/Ad Hoc,Level 2: Developing/Repeatable,Level 2: Developing/Repeatable,"Nothing that wasn't covered in the study that I can think of, thank you. ",complete,,,69c17630acada6abeead2da5,69c7be1331a49c5976e424e9,prolific,https://app.prolific.com/submissions/complete?cc=CQ9PVTWX,,Unknown,0,,0,,0,,
2026-03-28,2026-03-28,IP Address,100,546,True,2026-03-28,cbcec52991ec55c6e624a7a07effb6c6,anonymous,,"CIO (e.g., Director of IT)",,I am one of several key decision-makers who collectively decide on technology adoption,Finance and Insurance,,1000-4999,For-Profit,$500M-$999M,$10M-$49M,United States,International,Moderate Barrier,Moderate Barrier,Minor Barrier,Minor Barrier,Not a Barrier,Significant Barrier,Moderate Barrier,Not a Barrier,Not a Barrier,Moderate Barrier,Moderate Barrier,Not a Barrier,Moderate Barrier,Moderate Barrier,Major Barrier,Not a Barrier,Minor Barrier,Not a Barrier,Major Barrier,,"Lack of support or clear vision from top leadership (including the board, e.g., governing body, oversight committee).",,,,High cost associated with acquiring or implementing new technologies.,Difficulty integrating new technologies with existing legacy systems.,,,,,,,,,,,,Low Readiness/Capability,Low Readiness/Capability,Moderate Readiness/Capability,Moderate Readiness/Capability,High Readiness/Capability,Moderate Readiness/Capability,Low Readiness/Capability,High Readiness/Capability,High Readiness/Capability,Moderate Readiness/Capability,Very High Readiness/Capability,Don't Know,Low Readiness/Capability,Very Low Readiness/Capability,Moderate Readiness/Capability,Moderate Readiness/Capability,Low Readiness/Capability,Low Readiness/Capability,Level 3: Defined/Standardized,Level 3: Defined/Standardized,Level 4: Managed/Quantitatively Managed,Level 1: Initial/Ad Hoc,Level 3: Defined/Standardized,Level 1: Initial/Ad Hoc,Level 3: Defined/Standardized,Level 3: Defined/Standardized,Level 2: Developing/Repeatable,,complete,,,69c17630acada6abeead2da5,69c7fcc147cb225e4ff660f6,prolific,https://app.prolific.com/submissions/complete?cc=CQ9PVTWX,,,0,,0,,0.07142857142857142,QID225,
2026-03-28,2026-03-28,IP Address,100,572,True,2026-03-28,ee72af71311faf7e0b205e0c4700fcf0,anonymous,,"COO (e.g., Deputy Director, Chief of Staff, Assistant Secretary for Administration)",,I am the primary decision-maker for technology adoption in my area of responsibility,Information,,500-999,For-Profit,$100M-$499M,$50M-$99M,United States,National,Major Barrier,Significant Barrier,Major Barrier,Major Barrier,Moderate Barrier,Significant Barrier,Moderate Barrier,Moderate Barrier,Moderate Barrier,Moderate Barrier,Minor Barrier,Major Barrier,Minor Barrier,Not a Barrier,Moderate Barrier,Not a Barrier,Significant Barrier,Minor Barrier,Major Barrier,Resistance to change among employees or middle management.,"Lack of support or clear vision from top leadership (including the board, e.g., governing body, oversight committee).",,,,,,,,Lack of a clear strategy or roadmap for technology adoption.,,,,,,,,,Very Low Readiness/Capability,Low Readiness/Capability,Low Readiness/Capability,Very Low Readiness/Capability,Low Readiness/Capability,Low Readiness/Capability,Low Readiness/Capability,Very Low Readiness/Capability,Moderate Readiness/Capability,Low Readiness/Capability,Low Readiness/Capability,High Readiness/Capability,Moderate Readiness/Capability,Moderate Readiness/Capability,Low Readiness/Capability,Moderate Readiness/Capability,Low Readiness/Capability,Low Readiness/Capability,Level 1: Initial/Ad Hoc,Level 1: Initial/Ad Hoc,Level 2: Developing/Repeatable,Level 2: Developing/Repeatable,Level 2: Developing/Repeatable,Level 2: Developing/Repeatable,Level 2: Developing/Repeatable,Level 2: Developing/Repeatable,Level 2: Developing/Repeatable,Our board and CEO insist on disclosing to all clients and customers whenever AI or large language models are used in any documents.,complete,,,69c17630acada6abeead2da5,69c801cdeefe881c825b3121,prolific,https://app.prolific.com/submissions/complete?cc=CQ9PVTWX,,Unknown,0,,0,,0,,
2026-03-28,2026-03-28,IP Address,100,324,True,2026-03-28,f8d6f65dbcef56736bfc325d912b35cd,anonymous,,"CIO (e.g., Director of IT)",,I am the primary decision-maker for technology adoption in my area of responsibility,Educational Services (Private),,100-499,Non-Profit,$10M-$49M,<$10M,United States,Local,Major Barrier,Minor Barrier,Major Barrier,Significant Barrier,Minor Barrier,Minor Barrier,Significant Barrier,Not a Barrier,Minor Barrier,Not a Barrier,Not a Barrier,Not a Barrier,Moderate Barrier,Not a Barrier,Not a Barrier,Not a Barrier,Moderate Barrier,Not a Barrier,Major Barrier,Resistance to change among employees or middle management.,,Organizational culture that discourages risk-taking or experimentation with new technologies.,Insufficient skills or expertise within the workforce to utilize new technologies effectively.,,,,,,,,,,,,,,,High Readiness/Capability,Very High Readiness/Capability,High Readiness/Capability,Low Readiness/Capability,Moderate Readiness/Capability,Very High Readiness/Capability,Moderate Readiness/Capability,Moderate Readiness/Capability,High Readiness/Capability,Low Readiness/Capability,Very High Readiness/Capability,Moderate Readiness/Capability,Low Readiness/Capability,Moderate Readiness/Capability,Low Readiness/Capability,Moderate Readiness/Capability,Very Low Readiness/Capability,Low Readiness/Capability,Level 4: Managed/Quantitatively Managed,Level 5: Optimizing/Innovating,Level 5: Optimizing/Innovating,Level 2: Developing/Repeatable,Level 4: Managed/Quantitatively Managed,Level 3: Defined/Standardized,Level 2: Developing/Repeatable,Level 3: Defined/Standardized,Level 2: Developing/Repeatable,"The rising cost was mentioned, but it has become a significant barrier. In the time I've been in the role, our budget has increased 10-fold due to software platforms and services the business units require, and it shows no sign of slowing.",complete,,,69c17630acada6abeead2da5,69c83984f2fa5ce661849167,prolific,https://app.prolific.com/submissions/complete?cc=CQ9PVTWX,,Unknown,0,,0,,0,,
2026-03-28,2026-03-28,IP Address,100,1167,True,2026-03-28,f0c2d5b653ab8510bf710ef973baf42c,anonymous,,"COO (e.g., Deputy Director, Chief of Staff, Assistant Secretary for Administration)",,I am one of several key decision-makers who collectively decide on technology adoption,Manufacturing,,1000-4999,For-Profit,$500M-$999M,$500M-$999M,United States,International,Significant Barrier,Significant Barrier,Not a Barrier,Moderate Barrier,Moderate Barrier,Major Barrier,Major Barrier,Minor Barrier,Moderate Barrier,Significant Barrier,Moderate Barrier,Moderate Barrier,Significant Barrier,Moderate Barrier,Minor Barrier,Major Barrier,Minor Barrier,Moderate Barrier,Major Barrier,,,,,,,,,"Difficulty demonstrating clear value (e.g., mission impact, public value, cost-effectiveness) for new technology investments.",Lack of a clear strategy or roadmap for technology adoption.,,,,,,Uncertainty or complexity related to regulatory requirements.,,,Very High Readiness/Capability,Moderate Readiness/Capability,Moderate Readiness/Capability,Low Readiness/Capability,Moderate Readiness/Capability,Low Readiness/Capability,Low Readiness/Capability,Moderate Readiness/Capability,Very High Readiness/Capability,Low Readiness/Capability,Low Readiness/Capability,Moderate Readiness/Capability,Low Readiness/Capability,Low Readiness/Capability,Moderate Readiness/Capability,Moderate Readiness/Capability,Moderate Readiness/Capability,Low Readiness/Capability,Level 2: Developing/Repeatable,Level 3: Defined/Standardized,Level 3: Defined/Standardized,Level 2: Developing/Repeatable,Level 3: Defined/Standardized,Level 3: Defined/Standardized,Level 3: Defined/Standardized,Level 4: Managed/Quantitatively Managed,Level 3: Defined/Standardized,,complete,,,69c17630acada6abeead2da5,69c83dc49af08e0f955b3be2,prolific,https://app.prolific.com/submissions/complete?cc=CQ9PVTWX,,,0,,0,,0.07142857142857142,QID225,
2026-03-28,2026-03-28,IP Address,100,765,True,2026-03-28,804e8fa7bd8fbf971caf1d26c24a1fa3,anonymous,,"CRO (e.g., Director of Budget/Finance, Director of Development/Fundraising, Head of Revenue Operations)",,"I provide significant input and recommendations, but final decisions are made by others",Non-Profit Organization (Non-Governmental),,100-499,Non-Profit,$10M-$49M,$10M-$49M,United States,National,Major Barrier,Major Barrier,Major Barrier,Moderate Barrier,Significant Barrier,Major Barrier,Significant Barrier,Significant Barrier,Moderate Barrier,Moderate Barrier,Significant Barrier,Significant Barrier,Minor Barrier,Moderate Barrier,Moderate Barrier,Moderate Barrier,Moderate Barrier,Major Barrier,Major Barrier,Resistance to change among employees or middle management.,,Organizational culture that discourages risk-taking or experimentation with new technologies.,,,,,,,,,,,,,,,Difficulty finding reliable technology vendors or partners.,High Readiness/Capability,Moderate Readiness/Capability,Don't Know,Moderate Readiness/Capability,Low Readiness/Capability,Moderate Readiness/Capability,Moderate Readiness/Capability,High Readiness/Capability,Moderate Readiness/Capability,Don't Know,Moderate Readiness/Capability,Low Readiness/Capability,Low Readiness/Capability,Don't Know,High Readiness/Capability,Very High Readiness/Capability,High Readiness/Capability,Low Readiness/Capability,Level 3: Defined/Standardized,Level 1: Initial/Ad Hoc,Level 4: Managed/Quantitatively Managed,Level 2: Developing/Repeatable,Level 2: Developing/Repeatable,Level 3: Defined/Standardized,Level 2: Developing/Repeatable,Level 2: Developing/Repeatable,Level 2: Developing/Repeatable,"No, I believe you have covered all parts.",complete,,,69c17630acada6abeead2da5,69c840a5774964da93f63fe8,prolific,https://app.prolific.com/submissions/complete?cc=CQ9PVTWX,,Unknown,0,,0,,0,,
2026-03-28,2026-03-28,IP Address,100,759,True,2026-03-28,9f4993e45ca18191dcd2136259fe5397,anonymous,,"COO (e.g., Deputy Director, Chief of Staff, Assistant Secretary for Administration)",,I am one of several key decision-makers who collectively decide on technology adoption,Federal Government/Defense,,10000+,Government/Public Sector,$1B+,$100M-$499M,United States,National,Significant Barrier,Significant Barrier,Moderate Barrier,Minor Barrier,Moderate Barrier,Significant Barrier,Significant Barrier,Minor Barrier,Moderate Barrier,Significant Barrier,Moderate Barrier,Major Barrier,Major Barrier,Major Barrier,Major Barrier,Moderate Barrier,Moderate Barrier,Minor Barrier,Major Barrier,,,,,,,Difficulty integrating new technologies with existing legacy systems.,,,,,,,Concerns about data privacy compliance related to new technologies.,Lack of trust in the reliability or performance of new technologies or vendors.,,,,Moderate Readiness/Capability,High Readiness/Capability,High Readiness/Capability,Moderate Readiness/Capability,High Readiness/Capability,Moderate Readiness/Capability,High Readiness/Capability,Moderate Readiness/Capability,High Readiness/Capability,Moderate Readiness/Capability,Very High Readiness/Capability,High Readiness/Capability,Moderate Readiness/Capability,Moderate Readiness/Capability,Moderate Readiness/Capability,High Readiness/Capability,High Readiness/Capability,Low Readiness/Capability,Level 4: Managed/Quantitatively Managed,Level 3: Defined/Standardized,Level 4: Managed/Quantitatively Managed,Level 4: Managed/Quantitatively Managed,Level 5: Optimizing/Innovating,Level 4: Managed/Quantitatively Managed,Level 3: Defined/Standardized,Level 4: Managed/Quantitatively Managed,Level 2: Developing/Repeatable,Overall recruitment and placement of talent ,complete,,,69c17630acada6abeead2da5,69c864f8c44fa8e7e097a4ba,prolific,https://app.prolific.com/submissions/complete?cc=CQ9PVTWX,,Unknown,0,,0,,0,,
2026-03-29,2026-03-29,IP Address,100,321,True,2026-03-29,0047fa6222f59fde74f13d396ede8006,anonymous,,"CRO (e.g., Director of Budget/Finance, Director of Development/Fundraising, Head of Revenue Operations)",,I am one of several key decision-makers who collectively decide on technology adoption,Accommodation and Food Services,,500-999,For-Profit,$10M-$49M,$10M-$49M,United States,National,Minor Barrier,Minor Barrier,Minor Barrier,Minor Barrier,Minor Barrier,Moderate Barrier,Minor Barrier,Minor Barrier,Moderate Barrier,Minor Barrier,Moderate Barrier,Minor Barrier,Minor Barrier,Minor Barrier,Minor Barrier,Minor Barrier,Minor Barrier,Moderate Barrier,Minor Barrier,,,,,,High cost associated with acquiring or implementing new technologies.,,,,,,,,,,Uncertainty or complexity related to regulatory requirements.,"Pressure to adopt technology due to external factors (e.g., mandates, public expectations, peer agency actions), without adequate internal readiness.",,Low Readiness/Capability,Very Low Readiness/Capability,Low Readiness/Capability,Low Readiness/Capability,Low Readiness/Capability,Low Readiness/Capability,Very Low Readiness/Capability,Low Readiness/Capability,Very Low Readiness/Capability,Very Low Readiness/Capability,Low Readiness/Capability,Low Readiness/Capability,Very Low Readiness/Capability,Very Low Readiness/Capability,Low Readiness/Capability,Low Readiness/Capability,Very Low Readiness/Capability,Low Readiness/Capability,Level 2: Developing/Repeatable,Level 2: Developing/Repeatable,Level 2: Developing/Repeatable,Level 2: Developing/Repeatable,Level 2: Developing/Repeatable,Level 2: Developing/Repeatable,Level 1: Initial/Ad Hoc,Level 2: Developing/Repeatable,Level 2: Developing/Repeatable,No. I think they were all covered ,complete,,,69c17630acada6abeead2da5,69c888b4437ea676634a11a0,prolific,https://app.prolific.com/submissions/complete?cc=CQ9PVTWX,,Unknown,0,,0,,0,,
2026-03-29,2026-03-29,IP Address,100,1318,True,2026-03-29,4671852a1303e321975e03dde19eb643,anonymous,,"CEO (e.g., Agency Director, Secretary, Administrator, City/County Manager)",,I am the primary decision-maker for technology adoption in my area of responsibility,Retail Trade,,<100,For-Profit,<$10M,<$10M,United States,National,Not a Barrier,Not a Barrier,Not a Barrier,Not a Barrier,Minor Barrier,Major Barrier,Moderate Barrier,Moderate Barrier,Not a Barrier,Minor Barrier,Not a Barrier,Moderate Barrier,Significant Barrier,Significant Barrier,Moderate Barrier,Significant Barrier,Not a Barrier,Major Barrier,Minor Barrier,,,,,,,Difficulty integrating new technologies with existing legacy systems.,,,,,,,Concerns about data privacy compliance related to new technologies.,Lack of trust in the reliability or performance of new technologies or vendors.,,,,Moderate Readiness/Capability,Moderate Readiness/Capability,Moderate Readiness/Capability,Very High Readiness/Capability,Moderate Readiness/Capability,Very High Readiness/Capability,High Readiness/Capability,Low Readiness/Capability,Moderate Readiness/Capability,High Readiness/Capability,Moderate Readiness/Capability,Don't Know,High Readiness/Capability,High Readiness/Capability,High Readiness/Capability,Very High Readiness/Capability,Moderate Readiness/Capability,Low Readiness/Capability,Level 4: Managed/Quantitatively Managed,Level 3: Defined/Standardized,Level 3: Defined/Standardized,Level 4: Managed/Quantitatively Managed,Level 3: Defined/Standardized,Level 3: Defined/Standardized,Level 3: Defined/Standardized,Level 4: Managed/Quantitatively Managed,Level 2: Developing/Repeatable,,complete,,,69c17630acada6abeead2da5,69c8a9b08bd8720b12e60534,prolific,https://app.prolific.com/submissions/complete?cc=CQ9PVTWX,,,0,,0,,0.07142857142857142,QID225,
2026-03-29,2026-03-29,IP Address,100,487,True,2026-03-29,391cb414519d1c9714873094fa3af66b,anonymous,,"CIO (e.g., Director of IT)",,I am one of several key decision-makers who collectively decide on technology adoption,Finance and Insurance,,1000-4999,For-Profit,$1B+,$100M-$499M,United States,Regional,Minor Barrier,Not a Barrier,Not a Barrier,Not a Barrier,Not a Barrier,Not a Barrier,Moderate Barrier,Not a Barrier,Not a Barrier,Not a Barrier,Not a Barrier,Moderate Barrier,Minor Barrier,Minor Barrier,Not a Barrier,Minor Barrier,Not a Barrier,Minor Barrier,Major Barrier,,,,,,,Difficulty integrating new technologies with existing legacy systems.,,,,,New technologies disrupting existing workflows or processes significantly.,,Concerns about data privacy compliance related to new technologies.,,,,,Very High Readiness/Capability,Very High Readiness/Capability,High Readiness/Capability,Moderate Readiness/Capability,Very High Readiness/Capability,Moderate Readiness/Capability,High Readiness/Capability,High Readiness/Capability,High Readiness/Capability,Moderate Readiness/Capability,High Readiness/Capability,High Readiness/Capability,High Readiness/Capability,High Readiness/Capability,High Readiness/Capability,Very High Readiness/Capability,High Readiness/Capability,Low Readiness/Capability,Level 4: Managed/Quantitatively Managed,Level 4: Managed/Quantitatively Managed,Level 5: Optimizing/Innovating,Level 4: Managed/Quantitatively Managed,Level 3: Defined/Standardized,Level 4: Managed/Quantitatively Managed,Level 3: Defined/Standardized,Level 5: Optimizing/Innovating,Level 2: Developing/Repeatable,n/a,complete,,,69c17630acada6abeead2da5,69c9078809560c9ddb4fd6b8,prolific,https://app.prolific.com/submissions/complete?cc=CQ9PVTWX,,Unknown,0,,0,,0,,
2026-03-29,2026-03-29,IP Address,100,483,True,2026-03-29,d3720dc231aea9ae9ffab9919ed677c6,anonymous,,"CEO (e.g., Agency Director, Secretary, Administrator, City/County Manager)",,I am one of several key decision-makers who collectively decide on technology adoption,Non-Profit Organization (Non-Governmental),,100-499,Non-Profit,<$10M,<$10M,United States,International,Major Barrier,Significant Barrier,Minor Barrier,Significant Barrier,Moderate Barrier,Major Barrier,Major Barrier,Significant Barrier,Major Barrier,Minor Barrier,Minor Barrier,Major Barrier,Major Barrier,Major Barrier,Major Barrier,Minor Barrier,Major Barrier,Significant Barrier,Major Barrier,,,,,,,,,"Difficulty demonstrating clear value (e.g., mission impact, public value, cost-effectiveness) for new technology investments.",,,,Concerns about cybersecurity risks associated with new technologies.,Concerns about data privacy compliance related to new technologies.,,,,,Moderate Readiness/Capability,Moderate Readiness/Capability,Moderate Readiness/Capability,Moderate Readiness/Capability,Low Readiness/Capability,Low Readiness/Capability,Moderate Readiness/Capability,Moderate Readiness/Capability,Moderate Readiness/Capability,Moderate Readiness/Capability,Moderate Readiness/Capability,Moderate Readiness/Capability,Low Readiness/Capability,Moderate Readiness/Capability,Moderate Readiness/Capability,Moderate Readiness/Capability,High Readiness/Capability,Low Readiness/Capability,Level 2: Developing/Repeatable,Level 1: Initial/Ad Hoc,Level 2: Developing/Repeatable,Level 4: Managed/Quantitatively Managed,Level 2: Developing/Repeatable,Level 3: Defined/Standardized,Level 4: Managed/Quantitatively Managed,Level 3: Defined/Standardized,Level 2: Developing/Repeatable,"Community readiness is also a factor.  Our community stakeholders are our priority.  If technology advancement at any level does not directly improve their lives, it is likely not a fit for our organization.",complete,,,69c17630acada6abeead2da5,69c915790a916a7ebd00713c,prolific,https://app.prolific.com/submissions/complete?cc=CQ9PVTWX,,Unknown,0,,0,,0,,
2026-03-29,2026-03-29,IP Address,100,1032,True,2026-03-29,c4009ccec428c67b89c8881fed9a2b22,anonymous,,Other (please specify),SVP REvenue and Growth Operations,I am one of several key decision-makers who collectively decide on technology adoption,Finance and Insurance,,100-499,For-Profit,$10M-$49M,<$10M,United States,National,Minor Barrier,Minor Barrier,Minor Barrier,Moderate Barrier,Minor Barrier,Moderate Barrier,Moderate Barrier,Not a Barrier,Moderate Barrier,Moderate Barrier,Moderate Barrier,Minor Barrier,Minor Barrier,Minor Barrier,Minor Barrier,Minor Barrier,Moderate Barrier,Minor Barrier,Major Barrier,,,,Insufficient skills or expertise within the workforce to utilize new technologies effectively.,,,,,,Lack of a clear strategy or roadmap for technology adoption.,,New technologies disrupting existing workflows or processes significantly.,,,,,,,Moderate Readiness/Capability,Moderate Readiness/Capability,High Readiness/Capability,High Readiness/Capability,Moderate Readiness/Capability,Moderate Readiness/Capability,Low Readiness/Capability,Moderate Readiness/Capability,High Readiness/Capability,Moderate Readiness/Capability,Moderate Readiness/Capability,Low Readiness/Capability,Moderate Readiness/Capability,Moderate Readiness/Capability,High Readiness/Capability,Low Readiness/Capability,Moderate Readiness/Capability,Low Readiness/Capability,Level 2: Developing/Repeatable,Level 3: Defined/Standardized,Level 2: Developing/Repeatable,Level 2: Developing/Repeatable,Level 2: Developing/Repeatable,Level 3: Defined/Standardized,Level 2: Developing/Repeatable,Level 2: Developing/Repeatable,Level 2: Developing/Repeatable,I found this incredibly interesting as I work for a Fintech SaaS organization whose goal is to get Accounting and other types of firms to adopt technology. Evaluating this specific survey realizes that as an early company (less than 5 years old) we have a lot of work to do. Our largest barriers are that we do not have Tech-minded leadership in a few key areas so priorities are not always focused on innovation and disrupts capabilities for us to streamline and adopt.   We have a few key leaders - including myself - who know what and how to roll out processes and adopt technology but don't always have the talent to help us scale or think and drive along side is.,complete,,,69c17630acada6abeead2da5,69c91615e3c5163898882f14,prolific,https://app.prolific.com/submissions/complete?cc=CQ9PVTWX,,Unknown,0,,0,,0,,
2026-03-29,2026-03-29,IP Address,100,830,True,2026-03-29,dcf771e57dce2c7cfd1fe37724716613,anonymous,,Other (please specify),Vice President of Operations and General Manager,I am one of several key decision-makers who collectively decide on technology adoption,"Professional, Scientific, and Technical Services",,100-499,For-Profit,<$10M,<$10M,United States,National,Minor Barrier,Moderate Barrier,Minor Barrier,Minor Barrier,Minor Barrier,Moderate Barrier,Significant Barrier,Major Barrier,Moderate Barrier,Significant Barrier,Significant Barrier,Not a Barrier,Significant Barrier,Significant Barrier,Minor Barrier,Not a Barrier,Minor Barrier,Moderate Barrier,Major Barrier,,,,,,,Difficulty integrating new technologies with existing legacy systems.,"Inadequate IT infrastructure (e.g., network, storage, computing power) to support new technologies.",,Lack of a clear strategy or roadmap for technology adoption.,,,,,,,,,Low Readiness/Capability,Moderate Readiness/Capability,Low Readiness/Capability,High Readiness/Capability,High Readiness/Capability,Moderate Readiness/Capability,Moderate Readiness/Capability,Moderate Readiness/Capability,Very Low Readiness/Capability,Low Readiness/Capability,Low Readiness/Capability,Low Readiness/Capability,High Readiness/Capability,High Readiness/Capability,Moderate Readiness/Capability,Moderate Readiness/Capability,Moderate Readiness/Capability,Low Readiness/Capability,Level 2: Developing/Repeatable,Level 1: Initial/Ad Hoc,Level 3: Defined/Standardized,Level 4: Managed/Quantitatively Managed,Level 3: Defined/Standardized,Level 2: Developing/Repeatable,Level 3: Defined/Standardized,Level 2: Developing/Repeatable,Level 2: Developing/Repeatable,"A lot of our barriers are people centric, as the organizaiton has been growing not all staff have been growing at the proper rate. Processes and strategy may be in place but we sometimes struggle with not having the right resources to support these initiatives.",complete,,,69c17630acada6abeead2da5,69c93124380f99b2dfdf647e,prolific,https://app.prolific.com/submissions/complete?cc=CQ9PVTWX,,Unknown,0,,0,,0,,
2026-03-29,2026-03-29,IP Address,100,831,True,2026-03-29,fc5b6cf1d8e4a6d7670024ad9649c29b,anonymous,,"CEO (e.g., Agency Director, Secretary, Administrator, City/County Manager)",,I am the primary decision-maker for technology adoption in my area of responsibility,"Professional, Scientific, and Technical Services",,1000-4999,For-Profit,$500M-$999M,$100M-$499M,United States,Regional,Minor Barrier,Moderate Barrier,Major Barrier,Moderate Barrier,Not a Barrier,Significant Barrier,Significant Barrier,Moderate Barrier,Significant Barrier,Major Barrier,Significant Barrier,Moderate Barrier,Major Barrier,Major Barrier,Major Barrier,Moderate Barrier,Major Barrier,Minor Barrier,Significant Barrier,,,,,,,,"Inadequate IT infrastructure (e.g., network, storage, computing power) to support new technologies.",,,,,Concerns about cybersecurity risks associated with new technologies.,Concerns about data privacy compliance related to new technologies.,,,,,High Readiness/Capability,Very High Readiness/Capability,Very High Readiness/Capability,High Readiness/Capability,High Readiness/Capability,Very High Readiness/Capability,Very High Readiness/Capability,Very High Readiness/Capability,Very High Readiness/Capability,High Readiness/Capability,High Readiness/Capability,High Readiness/Capability,Moderate Readiness/Capability,High Readiness/Capability,High Readiness/Capability,High Readiness/Capability,High Readiness/Capability,Low Readiness/Capability,Level 4: Managed/Quantitatively Managed,Level 5: Optimizing/Innovating,Level 4: Managed/Quantitatively Managed,Level 5: Optimizing/Innovating,Level 4: Managed/Quantitatively Managed,Level 5: Optimizing/Innovating,Level 4: Managed/Quantitatively Managed,Level 4: Managed/Quantitatively Managed,Level 2: Developing/Repeatable,None thank you ,complete,,,69c17630acada6abeead2da5,69c931e314de5f362f315262,prolific,https://app.prolific.com/submissions/complete?cc=CQ9PVTWX,,Unknown,0,,0,,0,,
2026-03-29,2026-03-29,IP Address,100,623,True,2026-03-29,e2b7aaeb2600adddec48d4bb04d6fffd,anonymous,,"CEO (e.g., Agency Director, Secretary, Administrator, City/County Manager)",,I am the primary decision-maker for technology adoption in my area of responsibility,Educational Services (Private),,<100,For-Profit,<$10M,<$10M,United States,National,Significant Barrier,Not a Barrier,Major Barrier,Minor Barrier,Minor Barrier,Moderate Barrier,Moderate Barrier,Not a Barrier,Minor Barrier,Moderate Barrier,Not a Barrier,Moderate Barrier,Minor Barrier,Minor Barrier,Significant Barrier,Not a Barrier,Significant Barrier,Not a Barrier,Minor Barrier,Resistance to change among employees or middle management.,,,,,,,,,,,,,,Lack of trust in the reliability or performance of new technologies or vendors.,,"Pressure to adopt technology due to external factors (e.g., mandates, public expectations, peer agency actions), without adequate internal readiness.",,Moderate Readiness/Capability,Moderate Readiness/Capability,Moderate Readiness/Capability,Low Readiness/Capability,Low Readiness/Capability,Low Readiness/Capability,Moderate Readiness/Capability,Low Readiness/Capability,High Readiness/Capability,Moderate Readiness/Capability,Moderate Readiness/Capability,Very Low Readiness/Capability,Low Readiness/Capability,Moderate Readiness/Capability,Moderate Readiness/Capability,Moderate Readiness/Capability,Moderate Readiness/Capability,Low Readiness/Capability,Level 2: Developing/Repeatable,Level 2: Developing/Repeatable,Level 4: Managed/Quantitatively Managed,Level 2: Developing/Repeatable,Level 2: Developing/Repeatable,Level 1: Initial/Ad Hoc,Level 3: Defined/Standardized,Level 1: Initial/Ad Hoc,Level 2: Developing/Repeatable,I can't think of any you missed off the top off my head.,complete,,,69c17630acada6abeead2da5,69c94139edd1031c5adc648b,prolific,https://app.prolific.com/submissions/complete?cc=CQ9PVTWX,,Unknown,0,,0,,0,,
2026-03-29,2026-03-29,IP Address,100,451,True,2026-03-29,7b3c10b32893c5bf5c7933510bbd5dda,anonymous,,Other (please specify),VP Trade Development and Capabilities,"I provide significant input and recommendations, but final decisions are made by others",Wholesale Trade,,5000-9999,For-Profit,$1B+,$500M-$999M,United States,Regional,Moderate Barrier,Minor Barrier,Not a Barrier,Significant Barrier,Not a Barrier,Major Barrier,Significant Barrier,Moderate Barrier,Major Barrier,Minor Barrier,Not a Barrier,Not a Barrier,Not a Barrier,Not a Barrier,Minor Barrier,Not a Barrier,Not a Barrier,Not a Barrier,Major Barrier,,,,,,High cost associated with acquiring or implementing new technologies.,Difficulty integrating new technologies with existing legacy systems.,"Inadequate IT infrastructure (e.g., network, storage, computing power) to support new technologies.",,,,,,,,,,,High Readiness/Capability,Moderate Readiness/Capability,High Readiness/Capability,Moderate Readiness/Capability,High Readiness/Capability,High Readiness/Capability,High Readiness/Capability,Moderate Readiness/Capability,Low Readiness/Capability,Moderate Readiness/Capability,Low Readiness/Capability,Moderate Readiness/Capability,Low Readiness/Capability,High Readiness/Capability,Moderate Readiness/Capability,Moderate Readiness/Capability,Moderate Readiness/Capability,Moderate Readiness/Capability,Level 3: Defined/Standardized,Level 3: Defined/Standardized,Level 3: Defined/Standardized,Level 4: Managed/Quantitatively Managed,Level 4: Managed/Quantitatively Managed,Level 4: Managed/Quantitatively Managed,Level 3: Defined/Standardized,Level 3: Defined/Standardized,Level 2: Developing/Repeatable,We're working through a combination of legacy systems and migration to all cloud based data and the transformation process is slow and complex.  We lack to budget and resources to enable it all at once and it's going to be a slow build for us.,complete,,,69c17630acada6abeead2da5,69c957098ced8ad3b6ec4064,prolific,https://app.prolific.com/submissions/complete?cc=CQ9PVTWX,,Unknown,0,,0,,0,,
2026-03-29,2026-03-29,IP Address,100,553,True,2026-03-29,054f1b0d9a9e9bbfcc747aac958a142d,anonymous,,"CHRO (e.g., Chief Human Capital Officer (CHCO), Director of Human Resources, Personnel Director)",,"I provide significant input and recommendations, but final decisions are made by others",Educational Services (Private),,1000-4999,Non-Profit,$100M-$499M,<$10M,United States,International,Minor Barrier,Minor Barrier,Not a Barrier,Significant Barrier,Not a Barrier,Major Barrier,Not a Barrier,Minor Barrier,Moderate Barrier,Moderate Barrier,Not a Barrier,Not a Barrier,Minor Barrier,Moderate Barrier,Not a Barrier,Moderate Barrier,Not a Barrier,Minor Barrier,Major Barrier,,,,Insufficient skills or expertise within the workforce to utilize new technologies effectively.,,High cost associated with acquiring or implementing new technologies.,,,"Difficulty demonstrating clear value (e.g., mission impact, public value, cost-effectiveness) for new technology investments.",,,,,,,,,,Low Readiness/Capability,Moderate Readiness/Capability,High Readiness/Capability,Moderate Readiness/Capability,Moderate Readiness/Capability,Low Readiness/Capability,Low Readiness/Capability,Moderate Readiness/Capability,High Readiness/Capability,Moderate Readiness/Capability,High Readiness/Capability,Moderate Readiness/Capability,Very High Readiness/Capability,Low Readiness/Capability,Low Readiness/Capability,Moderate Readiness/Capability,Very Low Readiness/Capability,Low Readiness/Capability,Level 4: Managed/Quantitatively Managed,Level 3: Defined/Standardized,Level 3: Defined/Standardized,Level 2: Developing/Repeatable,Level 4: Managed/Quantitatively Managed,Level 3: Defined/Standardized,Level 3: Defined/Standardized,Level 1: Initial/Ad Hoc,Level 2: Developing/Repeatable,Nothing further to add!,complete,,,69c17630acada6abeead2da5,69c99711217d1ee10be87e1b,prolific,https://app.prolific.com/submissions/complete?cc=CQ9PVTWX,,Unknown,0,,0,,0,,
2026-03-29,2026-03-29,IP Address,100,1547,True,2026-03-29,294a43174970b4fcb7a56f85df085880,anonymous,,Other (please specify),Director HIM Operations,"I provide significant input and recommendations, but final decisions are made by others",Health Care and Social Assistance (Private),,10000+,Non-Profit,$1B+,<$10M,United States,Regional,Major Barrier,Significant Barrier,Significant Barrier,Not a Barrier,Significant Barrier,Not a Barrier,Significant Barrier,Not a Barrier,Significant Barrier,Significant Barrier,Not a Barrier,Major Barrier,Not a Barrier,Minor Barrier,Moderate Barrier,Significant Barrier,Moderate Barrier,Not a Barrier,Moderate Barrier,Resistance to change among employees or middle management.,,,,,,,,,,,New technologies disrupting existing workflows or processes significantly.,,,Lack of trust in the reliability or performance of new technologies or vendors.,,,,Low Readiness/Capability,High Readiness/Capability,High Readiness/Capability,High Readiness/Capability,High Readiness/Capability,Moderate Readiness/Capability,Very Low Readiness/Capability,Low Readiness/Capability,Very High Readiness/Capability,Very Low Readiness/Capability,Moderate Readiness/Capability,Very High Readiness/Capability,Low Readiness/Capability,Moderate Readiness/Capability,Low Readiness/Capability,Very Low Readiness/Capability,Very High Readiness/Capability,Low Readiness/Capability,Level 5: Optimizing/Innovating,Level 3: Defined/Standardized,Level 2: Developing/Repeatable,Level 5: Optimizing/Innovating,Level 5: Optimizing/Innovating,Level 5: Optimizing/Innovating,Level 4: Managed/Quantitatively Managed,Level 4: Managed/Quantitatively Managed,Level 2: Developing/Repeatable,"No, I don't believe so. The questions captured all relative challenges/barriers.",complete,,,69c17630acada6abeead2da5,69c9958838dd3a2967e7c8ae,prolific,https://app.prolific.com/submissions/complete?cc=CQ9PVTWX,,Unknown,0,,0,,0,,
2026-03-30,2026-03-30,IP Address,100,600,True,2026-03-30,b27fba69d04dc9729bec314954180758,anonymous,,"CSO (e.g., Director of Strategic Planning, Policy Director, Chief Strategy Officer)",,I am one of several key decision-makers who collectively decide on technology adoption,Retail Trade,,10000+,For-Profit,$1B+,$100M-$499M,United States,National,Moderate Barrier,Not a Barrier,Not a Barrier,Moderate Barrier,Significant Barrier,Moderate Barrier,Moderate Barrier,Minor Barrier,Minor Barrier,Minor Barrier,Moderate Barrier,Moderate Barrier,Moderate Barrier,Moderate Barrier,Minor Barrier,Minor Barrier,Not a Barrier,Minor Barrier,Major Barrier,,,,,Inadequate training programs for new technologies.,,Difficulty integrating new technologies with existing legacy systems.,,,,,,Concerns about cybersecurity risks associated with new technologies.,,,,,,Moderate Readiness/Capability,Low Readiness/Capability,Moderate Readiness/Capability,High Readiness/Capability,High Readiness/Capability,Moderate Readiness/Capability,Low Readiness/Capability,Low Readiness/Capability,Moderate Readiness/Capability,Low Readiness/Capability,Low Readiness/Capability,Moderate Readiness/Capability,Low Readiness/Capability,Moderate Readiness/Capability,Moderate Readiness/Capability,Moderate Readiness/Capability,Low Readiness/Capability,Low Readiness/Capability,Level 2: Developing/Repeatable,Level 1: Initial/Ad Hoc,Level 2: Developing/Repeatable,Level 2: Developing/Repeatable,Level 1: Initial/Ad Hoc,Level 2: Developing/Repeatable,Level 3: Defined/Standardized,Level 1: Initial/Ad Hoc,Level 2: Developing/Repeatable,,complete,,,69c17630acada6abeead2da5,69c9c017297ead9c9c4fd70d,prolific,https://app.prolific.com/submissions/complete?cc=CQ9PVTWX,,,0,,0,,0.07142857142857142,QID225,
2026-03-30,2026-03-30,IP Address,100,598,True,2026-03-30,839a4622791b9f09a085ab57b33e2134,anonymous,,"CHRO (e.g., Chief Human Capital Officer (CHCO), Director of Human Resources, Personnel Director)",,I am one of several key decision-makers who collectively decide on technology adoption,"Agriculture, Forestry, Fishing and Hunting",,1000-4999,For-Profit,$100M-$499M,$100M-$499M,United States,National,Major Barrier,Moderate Barrier,Significant Barrier,Significant Barrier,Moderate Barrier,Moderate Barrier,Significant Barrier,Major Barrier,Moderate Barrier,Significant Barrier,Minor Barrier,Minor Barrier,Minor Barrier,Moderate Barrier,Moderate Barrier,Minor Barrier,Not a Barrier,Minor Barrier,Major Barrier,Resistance to change among employees or middle management.,,,Insufficient skills or expertise within the workforce to utilize new technologies effectively.,,,,"Inadequate IT infrastructure (e.g., network, storage, computing power) to support new technologies.",,,,,,,,,,,Low Readiness/Capability,Moderate Readiness/Capability,Low Readiness/Capability,Moderate Readiness/Capability,Moderate Readiness/Capability,Moderate Readiness/Capability,Moderate Readiness/Capability,Moderate Readiness/Capability,Very Low Readiness/Capability,Low Readiness/Capability,Very Low Readiness/Capability,Low Readiness/Capability,Moderate Readiness/Capability,Moderate Readiness/Capability,Moderate Readiness/Capability,Very Low Readiness/Capability,Moderate Readiness/Capability,Low Readiness/Capability,Level 1: Initial/Ad Hoc,Level 1: Initial/Ad Hoc,Level 2: Developing/Repeatable,Level 2: Developing/Repeatable,Level 2: Developing/Repeatable,Level 1: Initial/Ad Hoc,Level 1: Initial/Ad Hoc,Level 3: Defined/Standardized,Level 2: Developing/Repeatable,"No - the survey did a good job of considering a wide variety of barriers, which I believe cover all the challenges I see at my workplace. ",complete,,,69c17630acada6abeead2da5,69c9e4e5cb7525a866c84272,prolific,https://app.prolific.com/submissions/complete?cc=CQ9PVTWX,,Unknown,0,,0,,0,,
2026-03-30,2026-03-30,IP Address,100,582,True,2026-03-30,44d94f17e21cbb15950a414f9a046f62,anonymous,,Other (please specify),Individual contributor ,I have limited involvement — I primarily implement technology decisions made by leadership,Finance and Insurance,,10000+,For-Profit,$1B+,<$10M,United States,National,Significant Barrier,Moderate Barrier,Moderate Barrier,Significant Barrier,Significant Barrier,Minor Barrier,Minor Barrier,Moderate Barrier,Minor Barrier,Moderate Barrier,Minor Barrier,Minor Barrier,Not a Barrier,Significant Barrier,Minor Barrier,Moderate Barrier,Moderate Barrier,Not a Barrier,Major Barrier,,,,,Inadequate training programs for new technologies.,,,,,Lack of a clear strategy or roadmap for technology adoption.,,,,,,,"Pressure to adopt technology due to external factors (e.g., mandates, public expectations, peer agency actions), without adequate internal readiness.",,High Readiness/Capability,Moderate Readiness/Capability,Moderate Readiness/Capability,Low Readiness/Capability,Very High Readiness/Capability,High Readiness/Capability,Moderate Readiness/Capability,Moderate Readiness/Capability,High Readiness/Capability,Moderate Readiness/Capability,Moderate Readiness/Capability,High Readiness/Capability,Moderate Readiness/Capability,Moderate Readiness/Capability,Moderate Readiness/Capability,High Readiness/Capability,High Readiness/Capability,Low Readiness/Capability,Level 4: Managed/Quantitatively Managed,Level 3: Defined/Standardized,Level 3: Defined/Standardized,Level 3: Defined/Standardized,Level 3: Defined/Standardized,Level 3: Defined/Standardized,Level 2: Developing/Repeatable,Level 2: Developing/Repeatable,Level 2: Developing/Repeatable,The length of time it takes to develop and implement the technology adoptions and doing it in pilot phases before rolling it out to everyone is a barrier ,complete,,,69c17630acada6abeead2da5,69ca0b30035fd34cf281a3a6,prolific,https://app.prolific.com/submissions/complete?cc=CQ9PVTWX,,Unknown,0,,0,,0,,
2026-03-31,2026-03-31,IP Address,100,715,True,2026-03-31,e65612714e66298cf451751d53c219a2,anonymous,,Other (please specify),Director of Customer Success & Services,I am one of several key decision-makers who collectively decide on technology adoption,Other (please specify),Technology,100-499,For-Profit,$10M-$49M,<$10M,United States,National,Moderate Barrier,Minor Barrier,Not a Barrier,Moderate Barrier,Moderate Barrier,Significant Barrier,Moderate Barrier,Minor Barrier,Moderate Barrier,Moderate Barrier,Minor Barrier,Moderate Barrier,Minor Barrier,Minor Barrier,Minor Barrier,Minor Barrier,Moderate Barrier,Minor Barrier,Major Barrier,Resistance to change among employees or middle management.,,,,,,,,"Difficulty demonstrating clear value (e.g., mission impact, public value, cost-effectiveness) for new technology investments.",,,,,,,,"Pressure to adopt technology due to external factors (e.g., mandates, public expectations, peer agency actions), without adequate internal readiness.",,Moderate Readiness/Capability,Moderate Readiness/Capability,Moderate Readiness/Capability,High Readiness/Capability,High Readiness/Capability,Low Readiness/Capability,Moderate Readiness/Capability,Moderate Readiness/Capability,Moderate Readiness/Capability,Moderate Readiness/Capability,Low Readiness/Capability,Moderate Readiness/Capability,Low Readiness/Capability,Moderate Readiness/Capability,Moderate Readiness/Capability,Low Readiness/Capability,Low Readiness/Capability,Low Readiness/Capability,Level 2: Developing/Repeatable,Level 2: Developing/Repeatable,Level 1: Initial/Ad Hoc,Level 2: Developing/Repeatable,Level 3: Defined/Standardized,Level 2: Developing/Repeatable,Level 1: Initial/Ad Hoc,Level 2: Developing/Repeatable,Level 2: Developing/Repeatable,"Budget. My team runs incredibly lean, and are often asked to participate in cross-functional activities to help other departments meet their goals. There is not a lot of ""extra time"" for our team (specifically) to adopt and optimize on new technology. The budget for new tech is highly scrutinized, so while the spirit of innovation and experimentation is strong within my organization, the practical reality is that we are constrained.",complete,,,69c17630acada6abeead2da5,69cb1cd863617757f3829ad8,prolific,https://app.prolific.com/submissions/complete?cc=CQ9PVTWX,,Unknown,1,QID206,0,,0,,
2026-03-31,2026-03-31,IP Address,100,865,True,2026-03-31,f0a4d492587ddb5514fdd26b2347dcdf,anonymous,,"COO (e.g., Deputy Director, Chief of Staff, Assistant Secretary for Administration)",,I am one of several key decision-makers who collectively decide on technology adoption,Public Healthcare,,100-499,For-Profit,$10M-$49M,$10M-$49M,United States,Regional,Major Barrier,Major Barrier,Major Barrier,Major Barrier,Significant Barrier,Significant Barrier,Significant Barrier,Major Barrier,Significant Barrier,Major Barrier,Moderate Barrier,Significant Barrier,Minor Barrier,Minor Barrier,Significant Barrier,Moderate Barrier,Moderate Barrier,Minor Barrier,Major Barrier,Resistance to change among employees or middle management.,,Organizational culture that discourages risk-taking or experimentation with new technologies.,Insufficient skills or expertise within the workforce to utilize new technologies effectively.,,,,,,,,,,,,,,,Low Readiness/Capability,Moderate Readiness/Capability,Low Readiness/Capability,Low Readiness/Capability,Moderate Readiness/Capability,Moderate Readiness/Capability,Low Readiness/Capability,Low Readiness/Capability,Moderate Readiness/Capability,Moderate Readiness/Capability,Low Readiness/Capability,Low Readiness/Capability,Low Readiness/Capability,High Readiness/Capability,Very High Readiness/Capability,Moderate Readiness/Capability,Moderate Readiness/Capability,Low Readiness/Capability,Level 3: Defined/Standardized,Level 4: Managed/Quantitatively Managed,Level 4: Managed/Quantitatively Managed,Level 2: Developing/Repeatable,Level 3: Defined/Standardized,Level 3: Defined/Standardized,Level 2: Developing/Repeatable,Level 2: Developing/Repeatable,Level 2: Developing/Repeatable,"Legacy leadership is much more resistant than newer, younger member of leadership. We have the capacity to do it, but as long as legacy leadership, CEO level, is hesitant, it never goes anywhere. Part of it is age, part of it is just general stubbornness, part of it is fear. ",complete,,,69c17630acada6abeead2da5,69cb269981b1cfec16cb98c2,prolific,https://app.prolific.com/submissions/complete?cc=CQ9PVTWX,,Unknown,0,,0,,0,,
2026-03-31,2026-03-31,IP Address,100,975,True,2026-03-31,dbfae3586692966749e7d0e9751a30a2,anonymous,,Other (please specify),Director online learning,"I provide significant input and recommendations, but final decisions are made by others",State Government,,500-999,Government/Public Sector,$100M-$499M,<$10M,United States,National,Significant Barrier,Minor Barrier,Minor Barrier,Moderate Barrier,Moderate Barrier,Significant Barrier,Significant Barrier,Minor Barrier,Moderate Barrier,Significant Barrier,Major Barrier,Significant Barrier,Moderate Barrier,Moderate Barrier,Minor Barrier,Moderate Barrier,Significant Barrier,Minor Barrier,Major Barrier,Resistance to change among employees or middle management.,,,,,,,,,Lack of a clear strategy or roadmap for technology adoption.,,New technologies disrupting existing workflows or processes significantly.,,,,,,,Low Readiness/Capability,Moderate Readiness/Capability,Moderate Readiness/Capability,Low Readiness/Capability,Low Readiness/Capability,Low Readiness/Capability,Moderate Readiness/Capability,Moderate Readiness/Capability,Moderate Readiness/Capability,Moderate Readiness/Capability,Low Readiness/Capability,High Readiness/Capability,Low Readiness/Capability,High Readiness/Capability,Low Readiness/Capability,Low Readiness/Capability,Moderate Readiness/Capability,Low Readiness/Capability,Level 4: Managed/Quantitatively Managed,Level 4: Managed/Quantitatively Managed,Level 3: Defined/Standardized,Level 3: Defined/Standardized,Level 5: Optimizing/Innovating,Level 5: Optimizing/Innovating,Level 3: Defined/Standardized,Level 4: Managed/Quantitatively Managed,Level 2: Developing/Repeatable,No.,complete,,,69c17630acada6abeead2da5,69cb49a7e959387b8902e33c,prolific,https://app.prolific.com/submissions/complete?cc=CQ9PVTWX,,Unknown,0,,0,,0,,
2026-04-01,2026-04-01,IP Address,100,688,True,2026-04-01,ca37ae3853aa8198ee5d24eea5998695,anonymous,,"CSO (e.g., Director of Strategic Planning, Policy Director, Chief Strategy Officer)",,"I provide significant input and recommendations, but final decisions are made by others",Educational Services (Private),,100-499,Non-Profit,$50M-$99M,<$10M,United States,National,Minor Barrier,Moderate Barrier,Significant Barrier,Not a Barrier,Major Barrier,Significant Barrier,Minor Barrier,Minor Barrier,Significant Barrier,Minor Barrier,Moderate Barrier,Not a Barrier,Moderate Barrier,Moderate Barrier,Moderate Barrier,Moderate Barrier,Not a Barrier,Major Barrier,Major Barrier,,,,,Inadequate training programs for new technologies.,,,,,Lack of a clear strategy or roadmap for technology adoption.,,,,,,,,Difficulty finding reliable technology vendors or partners.,Low Readiness/Capability,Moderate Readiness/Capability,Moderate Readiness/Capability,Very Low Readiness/Capability,Very High Readiness/Capability,Very High Readiness/Capability,Moderate Readiness/Capability,Moderate Readiness/Capability,Moderate Readiness/Capability,Low Readiness/Capability,Moderate Readiness/Capability,High Readiness/Capability,Very High Readiness/Capability,Low Readiness/Capability,High Readiness/Capability,Low Readiness/Capability,Low Readiness/Capability,Low Readiness/Capability,Level 1: Initial/Ad Hoc,Level 2: Developing/Repeatable,Level 4: Managed/Quantitatively Managed,Level 2: Developing/Repeatable,Level 4: Managed/Quantitatively Managed,Level 3: Defined/Standardized,Level 1: Initial/Ad Hoc,Level 3: Defined/Standardized,Level 2: Developing/Repeatable,N/A,complete,,,69c17630acada6abeead2da5,69cc7fe00e0e1738a37e516d,prolific,https://app.prolific.com/submissions/complete?cc=CQ9PVTWX,,Unknown,0,,0,,0,,
2026-04-01,2026-04-01,IP Address,100,583,True,2026-04-01,2277040e6f23bab584d84edf8c655eb1,anonymous,,"CRO (e.g., Director of Budget/Finance, Director of Development/Fundraising, Head of Revenue Operations)",,"I provide significant input and recommendations, but final decisions are made by others",Public Education (K-12/Higher Ed),,100-499,Government/Public Sector,$10M-$49M,<$10M,United States,Regional,Not a Barrier,Not a Barrier,Not a Barrier,Not a Barrier,Not a Barrier,Significant Barrier,Significant Barrier,Minor Barrier,Not a Barrier,Not a Barrier,Not a Barrier,Not a Barrier,Moderate Barrier,Minor Barrier,Not a Barrier,Not a Barrier,Not a Barrier,Not a Barrier,Major Barrier,,,,,,High cost associated with acquiring or implementing new technologies.,,,,,,,Concerns about cybersecurity risks associated with new technologies.,Concerns about data privacy compliance related to new technologies.,,,,,High Readiness/Capability,High Readiness/Capability,Very High Readiness/Capability,High Readiness/Capability,High Readiness/Capability,Moderate Readiness/Capability,Moderate Readiness/Capability,Moderate Readiness/Capability,Moderate Readiness/Capability,Low Readiness/Capability,Very High Readiness/Capability,Moderate Readiness/Capability,High Readiness/Capability,High Readiness/Capability,High Readiness/Capability,Moderate Readiness/Capability,Moderate Readiness/Capability,Low Readiness/Capability,Level 3: Defined/Standardized,Level 3: Defined/Standardized,Level 3: Defined/Standardized,Level 4: Managed/Quantitatively Managed,Level 4: Managed/Quantitatively Managed,Level 4: Managed/Quantitatively Managed,Level 3: Defined/Standardized,Level 4: Managed/Quantitatively Managed,Level 2: Developing/Repeatable,n/a,complete,,,69c17630acada6abeead2da5,69cd43b304a3e07a41ee05d2,prolific,https://app.prolific.com/submissions/complete?cc=CQ9PVTWX,,Unknown,0,,0,,0,,
2026-04-01,2026-04-02,IP Address,100,1176,True,2026-04-02,47ca2d80ce2599ba51ee578e5771f656,anonymous,,"CRO (e.g., Director of Budget/Finance, Director of Development/Fundraising, Head of Revenue Operations)",,I am the primary decision-maker for technology adoption in my area of responsibility,Non-Profit Organization (Non-Governmental),,<100,Non-Profit,$10M-$49M,<$10M,United States,Local,Major Barrier,Minor Barrier,Minor Barrier,Significant Barrier,Significant Barrier,Major Barrier,Moderate Barrier,Not a Barrier,Significant Barrier,Major Barrier,Not a Barrier,Minor Barrier,Significant Barrier,Moderate Barrier,Minor Barrier,Minor Barrier,Not a Barrier,Not a Barrier,Major Barrier,Resistance to change among employees or middle management.,,,,,,,,,Lack of a clear strategy or roadmap for technology adoption.,,,,Concerns about data privacy compliance related to new technologies.,,,,,Low Readiness/Capability,Very Low Readiness/Capability,Moderate Readiness/Capability,High Readiness/Capability,Moderate Readiness/Capability,Low Readiness/Capability,Low Readiness/Capability,Moderate Readiness/Capability,Moderate Readiness/Capability,Low Readiness/Capability,Very High Readiness/Capability,High Readiness/Capability,Moderate Readiness/Capability,Very High Readiness/Capability,Low Readiness/Capability,Very Low Readiness/Capability,Very Low Readiness/Capability,Low Readiness/Capability,Level 3: Defined/Standardized,Level 2: Developing/Repeatable,Level 3: Defined/Standardized,Level 4: Managed/Quantitatively Managed,Level 4: Managed/Quantitatively Managed,Level 2: Developing/Repeatable,Level 1: Initial/Ad Hoc,Level 3: Defined/Standardized,Level 2: Developing/Repeatable,"I think that, in general, local non-profit organizations are faced with difficult decisions when it comes to implementing new technology. When choosing between investing in direct service or investing in new tech, direct service provision almost always wins. What's more, ability to invest in new tech depends on funding specifically designated (or specifically UNdesignated) to support this purpose. That's a rare and valuable commodity. ",complete,,,69c17630acada6abeead2da5,69cdae19435b5c419a77957e,prolific,https://app.prolific.com/submissions/complete?cc=CQ9PVTWX,,Unknown,0,,0,,0,,
2026-04-02,2026-04-02,IP Address,100,812,True,2026-04-02,48e530690aaa10a0812d7095a8ee50b5,anonymous,,Other (please specify),"AVP, Manager Compliance","I provide significant input and recommendations, but final decisions are made by others",Finance and Insurance,,5000-9999,For-Profit,$100M-$499M,<$10M,United States,Regional,Minor Barrier,Moderate Barrier,Not a Barrier,Minor Barrier,Minor Barrier,Significant Barrier,Major Barrier,Significant Barrier,Minor Barrier,Minor Barrier,Minor Barrier,Major Barrier,Minor Barrier,Minor Barrier,Minor Barrier,Not a Barrier,Significant Barrier,Significant Barrier,Minor Barrier,,,,,,,Difficulty integrating new technologies with existing legacy systems.,"Inadequate IT infrastructure (e.g., network, storage, computing power) to support new technologies.",,,,,,,,,,Difficulty finding reliable technology vendors or partners.,Moderate Readiness/Capability,Moderate Readiness/Capability,High Readiness/Capability,High Readiness/Capability,Very High Readiness/Capability,High Readiness/Capability,High Readiness/Capability,High Readiness/Capability,Low Readiness/Capability,Low Readiness/Capability,High Readiness/Capability,High Readiness/Capability,Very Low Readiness/Capability,Low Readiness/Capability,Moderate Readiness/Capability,Low Readiness/Capability,Moderate Readiness/Capability,Low Readiness/Capability,Level 5: Optimizing/Innovating,Level 2: Developing/Repeatable,Level 4: Managed/Quantitatively Managed,Level 4: Managed/Quantitatively Managed,Level 5: Optimizing/Innovating,Level 4: Managed/Quantitatively Managed,Level 4: Managed/Quantitatively Managed,Level 4: Managed/Quantitatively Managed,Level 2: Developing/Repeatable,I don't believe so.,complete,,,69c17630acada6abeead2da5,69ce6dbaad1ba4e24329f06a,prolific,https://app.prolific.com/submissions/complete?cc=CQ9PVTWX,,Unknown,0,,0,,0,,
2026-04-03,2026-04-03,IP Address,100,754,True,2026-04-03,93221614d3f7766baa9508b10ffb6430,anonymous,,"CSO (e.g., Director of Strategic Planning, Policy Director, Chief Strategy Officer)",,I am one of several key decision-makers who collectively decide on technology adoption,Retail Trade,,100-499,For-Profit,$50M-$99M,<$10M,United States,National,Not a Barrier,Minor Barrier,Not a Barrier,Minor Barrier,Minor Barrier,Minor Barrier,Significant Barrier,Not a Barrier,Moderate Barrier,Minor Barrier,Not a Barrier,Not a Barrier,Significant Barrier,Not a Barrier,Not a Barrier,Not a Barrier,Not a Barrier,Not a Barrier,Major Barrier,,"Lack of support or clear vision from top leadership (including the board, e.g., governing body, oversight committee).",,Insufficient skills or expertise within the workforce to utilize new technologies effectively.,,,,,,,,,Concerns about cybersecurity risks associated with new technologies.,,,,,,Moderate Readiness/Capability,Moderate Readiness/Capability,High Readiness/Capability,High Readiness/Capability,Very High Readiness/Capability,Moderate Readiness/Capability,High Readiness/Capability,Moderate Readiness/Capability,Very High Readiness/Capability,Moderate Readiness/Capability,Moderate Readiness/Capability,Moderate Readiness/Capability,Moderate Readiness/Capability,Moderate Readiness/Capability,Moderate Readiness/Capability,Moderate Readiness/Capability,High Readiness/Capability,Low Readiness/Capability,Level 4: Managed/Quantitatively Managed,Level 2: Developing/Repeatable,Level 3: Defined/Standardized,Level 5: Optimizing/Innovating,Level 4: Managed/Quantitatively Managed,Level 4: Managed/Quantitatively Managed,Level 4: Managed/Quantitatively Managed,Level 3: Defined/Standardized,Level 2: Developing/Repeatable,"I dont think so, ",complete,,,69c17630acada6abeead2da5,69cf14764b0371bed86298b0,prolific,https://app.prolific.com/submissions/complete?cc=CQ9PVTWX,,Unknown,0,,0,,0,,
2026-04-03,2026-04-03,IP Address,100,614,True,2026-04-03,638669cfc1e1e1eb9322c00aa6c27bdc,anonymous,,"CIO (e.g., Director of IT)",,I am the primary decision-maker for technology adoption in my area of responsibility,Public Education (K-12/Higher Ed),,500-999,Non-Profit,$50M-$99M,$10M-$49M,United States,Local,Minor Barrier,Significant Barrier,Moderate Barrier,Moderate Barrier,Moderate Barrier,Major Barrier,Moderate Barrier,Moderate Barrier,Significant Barrier,Minor Barrier,Minor Barrier,Major Barrier,Significant Barrier,Major Barrier,Minor Barrier,Moderate Barrier,Significant Barrier,Significant Barrier,Major Barrier,,"Lack of support or clear vision from top leadership (including the board, e.g., governing body, oversight committee).",,,,High cost associated with acquiring or implementing new technologies.,,,,,,,Concerns about cybersecurity risks associated with new technologies.,,,,,,Low Readiness/Capability,Very High Readiness/Capability,High Readiness/Capability,Very High Readiness/Capability,Very High Readiness/Capability,Moderate Readiness/Capability,Low Readiness/Capability,High Readiness/Capability,Moderate Readiness/Capability,Moderate Readiness/Capability,Moderate Readiness/Capability,Moderate Readiness/Capability,Moderate Readiness/Capability,High Readiness/Capability,Moderate Readiness/Capability,Low Readiness/Capability,Low Readiness/Capability,Low Readiness/Capability,Level 3: Defined/Standardized,Level 4: Managed/Quantitatively Managed,Level 3: Defined/Standardized,Level 2: Developing/Repeatable,Level 3: Defined/Standardized,Level 3: Defined/Standardized,Level 2: Developing/Repeatable,Level 4: Managed/Quantitatively Managed,Level 2: Developing/Repeatable,Is IT funded to increase headcount based on business needs?,complete,,,69c17630acada6abeead2da5,69cffd327458fa374f861782,prolific,https://app.prolific.com/submissions/complete?cc=CQ9PVTWX,,Unknown,0,,0,,0,,
2026-04-04,2026-04-04,IP Address,100,604,True,2026-04-04,3208944af0670e66df8460ce887e7fc1,anonymous,,"CMO (e.g., Director of Communications, Public Affairs Officer, Chief Marketing & Communications Officer)",,I am the primary decision-maker for technology adoption in my area of responsibility,Local Government (City/County/Municipality),,5000-9999,Government/Public Sector,$50M-$99M,<$10M,United States,Local,Major Barrier,Major Barrier,Major Barrier,Major Barrier,Minor Barrier,Major Barrier,Minor Barrier,Minor Barrier,Minor Barrier,Major Barrier,Major Barrier,Significant Barrier,Major Barrier,Major Barrier,Moderate Barrier,Minor Barrier,Moderate Barrier,Moderate Barrier,Major Barrier,,,,,,,,,,Lack of a clear strategy or roadmap for technology adoption.,,,Concerns about cybersecurity risks associated with new technologies.,Concerns about data privacy compliance related to new technologies.,,,,,Very Low Readiness/Capability,Low Readiness/Capability,Moderate Readiness/Capability,Low Readiness/Capability,Moderate Readiness/Capability,Moderate Readiness/Capability,Very Low Readiness/Capability,Moderate Readiness/Capability,Low Readiness/Capability,Moderate Readiness/Capability,Low Readiness/Capability,Moderate Readiness/Capability,Moderate Readiness/Capability,Very Low Readiness/Capability,Low Readiness/Capability,Moderate Readiness/Capability,High Readiness/Capability,Low Readiness/Capability,Level 5: Optimizing/Innovating,Level 4: Managed/Quantitatively Managed,Level 3: Defined/Standardized,Level 3: Defined/Standardized,Level 3: Defined/Standardized,Level 4: Managed/Quantitatively Managed,Level 3: Defined/Standardized,Level 4: Managed/Quantitatively Managed,Level 2: Developing/Repeatable,"With a large organization such as the one that I work for, there are a lot of silo'd approaches because of the many different needs from agency to agency. However, if there was a system in place such as a online catalog or similar then I don't think you would have so many agencies trying to purchase different things. For example, there are email marketing platforms out there that can take care of the whole agency but because of slightly different needs, level or skill, and experience we end up with 10 platforms across the whole organization. ",complete,,,69c17630acada6abeead2da5,69d17553ecf874aafe441d96,prolific,https://app.prolific.com/submissions/complete?cc=CQ9PVTWX,,Unknown,0,,0,,0,,
2026-04-05,2026-04-05,IP Address,100,560,True,2026-04-05,2cf4a0780bacf446b3635be82eadc03f,anonymous,,"CHRO (e.g., Chief Human Capital Officer (CHCO), Director of Human Resources, Personnel Director)",,"I provide significant input and recommendations, but final decisions are made by others",Finance and Insurance,,100-499,For-Profit,$100M-$499M,<$10M,International,International,Major Barrier,Moderate Barrier,Significant Barrier,Moderate Barrier,Moderate Barrier,Minor Barrier,Minor Barrier,Significant Barrier,Significant Barrier,Moderate Barrier,Minor Barrier,Significant Barrier,Not a Barrier,Not a Barrier,Minor Barrier,Minor Barrier,Significant Barrier,Not a Barrier,Minor Barrier,Resistance to change among employees or middle management.,"Lack of support or clear vision from top leadership (including the board, e.g., governing body, oversight committee).",,Insufficient skills or expertise within the workforce to utilize new technologies effectively.,,,,,,,,,,,,,,,Low Readiness/Capability,Very Low Readiness/Capability,Low Readiness/Capability,Very Low Readiness/Capability,High Readiness/Capability,Very Low Readiness/Capability,Low Readiness/Capability,Very Low Readiness/Capability,Low Readiness/Capability,Very Low Readiness/Capability,Low Readiness/Capability,Low Readiness/Capability,Very Low Readiness/Capability,Very Low Readiness/Capability,Very Low Readiness/Capability,Very Low Readiness/Capability,Very High Readiness/Capability,Low Readiness/Capability,Level 2: Developing/Repeatable,Level 2: Developing/Repeatable,Level 3: Defined/Standardized,Level 1: Initial/Ad Hoc,Level 2: Developing/Repeatable,Level 2: Developing/Repeatable,Level 3: Defined/Standardized,Level 2: Developing/Repeatable,Level 2: Developing/Repeatable,"Perhaps willingness by leadership to allow upper management to help with changes, even if we have a full dev / IT team on staff who can make the needed changes.",complete,,,69c17630acada6abeead2da5,69d269a480308d763bf4e63c,prolific,https://app.prolific.com/submissions/complete?cc=CQ9PVTWX,,Unknown,0,,0,,0,,
2026-04-07,2026-04-07,IP Address,100,542,True,2026-04-07,31b2ff7969fac9a70ff4338bd4beb483,anonymous,,"CSO (e.g., Director of Strategic Planning, Policy Director, Chief Strategy Officer)",,"I provide significant input and recommendations, but final decisions are made by others",Public Education (K-12/Higher Ed),,100-499,Non-Profit,$10M-$49M,<$10M,United States,Local,Minor Barrier,Not a Barrier,Minor Barrier,Moderate Barrier,Moderate Barrier,Significant Barrier,Significant Barrier,Significant Barrier,Moderate Barrier,Not a Barrier,Minor Barrier,Moderate Barrier,Minor Barrier,Moderate Barrier,Moderate Barrier,Not a Barrier,Moderate Barrier,Significant Barrier,Major Barrier,,,,,,High cost associated with acquiring or implementing new technologies.,Difficulty integrating new technologies with existing legacy systems.,"Inadequate IT infrastructure (e.g., network, storage, computing power) to support new technologies.",,,,,,,,,,,Moderate Readiness/Capability,Low Readiness/Capability,Moderate Readiness/Capability,Low Readiness/Capability,High Readiness/Capability,Moderate Readiness/Capability,Moderate Readiness/Capability,Moderate Readiness/Capability,Low Readiness/Capability,Low Readiness/Capability,Low Readiness/Capability,Moderate Readiness/Capability,Moderate Readiness/Capability,Low Readiness/Capability,Moderate Readiness/Capability,Moderate Readiness/Capability,Low Readiness/Capability,Low Readiness/Capability,Level 2: Developing/Repeatable,Level 2: Developing/Repeatable,Level 3: Defined/Standardized,Level 4: Managed/Quantitatively Managed,Level 4: Managed/Quantitatively Managed,Level 2: Developing/Repeatable,Level 3: Defined/Standardized,Level 4: Managed/Quantitatively Managed,Level 2: Developing/Repeatable,,complete,,,69c17630acada6abeead2da5,69d584d4f980859116735650,prolific,https://app.prolific.com/submissions/complete?cc=CQ9PVTWX,,,0,,0,,0.07142857142857142,QID225,
